ema,trend_pct,untouched,trend,research_n,research_mean,research_net,research_pf,research_sh,validation_n,validation_mean,validation_net,validation_pf,validation_sh,test_n,test_mean,test_net,test_pf,test_sh
10,50.0,0,0,1129,-1.7699436747924568,-1998.2664088406837,0.903130572776743,-0.4761178042085841,498,-0.1790364445036336,-89.16014936280953,0.9942894122249738,-0.0316506676441265,414,2.825881080320588,1169.9147672527233,1.0779018603778727,0.39931372977270124
10,50.0,0,1,514,1.9834681538553824,1019.5026310816666,1.1120227314714266,0.3438314841668198,280,9.464313674025048,2650.0078287270135,1.360469186817937,1.3014403887032624,197,3.4223125229041655,674.1955670121206,1.1051493168345448,0.36336881194541315
10,50.0,1,0,13,1.5027442309790506,19.535675002727658,1.124363543332841,0.0654228576709906,12,9.413810992276618,112.96573190731942,1.4275225858497174,0.31785421731604563,5,36.42571608681683,182.12858043408414,3.505087136914135,0.8166983845572405
10,50.0,1,1,12,1.8636505145204865,22.363806174245838,1.1449774907145511,0.07491106781541498,12,9.413810992276618,112.96573190731942,1.4275225858497174,0.31785421731604563,5,36.42571608681683,182.12858043408414,3.505087136914135,0.8166983845572405
10,60.0,0,0,1129,-1.7699436747924568,-1998.2664088406837,0.903130572776743,-0.4761178042085841,498,-0.1790364445036336,-89.16014936280953,0.9942894122249738,-0.0316506676441265,414,2.825881080320588,1169.9147672527233,1.0779018603778727,0.39931372977270124
10,60.0,0,1,393,0.7794144801803833,306.3098907108906,1.0421520859917892,0.1176167190042973,213,8.83773353328917,1882.437242590593,1.3153824249443964,1.0150417036733732,151,5.63948908823437,851.56285232339,1.1835432027926875,0.5216877612299821
10,60.0,1,0,13,1.5027442309790506,19.535675002727658,1.124363543332841,0.0654228576709906,12,9.413810992276618,112.96573190731942,1.4275225858497174,0.31785421731604563,5,36.42571608681683,182.12858043408414,3.505087136914135,0.8166983845572405
10,60.0,1,1,11,2.337962406315455,25.717586469470007,1.1704242678228367,0.08617275448044798,12,9.413810992276618,112.96573190731942,1.4275225858497174,0.31785421731604563,4,63.52243912634458,254.08975650537832,343.2936853169165,1.2599743960762062
10,65.0,0,0,1129,-1.7699436747924568,-1998.2664088406837,0.903130572776743,-0.4761178042085841,498,-0.1790364445036336,-89.16014936280953,0.9942894122249738,-0.0316506676441265,414,2.825881080320588,1169.9147672527233,1.0779018603778727,0.39931372977270124
10,65.0,0,1,327,-1.1205287072434629,-366.4128872686124,0.9422053367834133,-0.15318881419606603,181,8.633744718201584,1562.7077939944866,1.3088560285376776,0.9224008561111858,125,6.997574341999425,874.6967927499281,1.2252716997334048,0.5816937054336537
10,65.0,1,0,13,1.5027442309790506,19.535675002727658,1.124363543332841,0.0654228576709906,12,9.413810992276618,112.96573190731942,1.4275225858497174,0.31785421731604563,5,36.42571608681683,182.12858043408414,3.505087136914135,0.8166983845572405
10,65.0,1,1,11,2.337962406315455,25.717586469470007,1.1704242678228367,0.08617275448044798,12,9.413810992276618,112.96573190731942,1.4275225858497174,0.31785421731604563,4,63.52243912634458,254.08975650537832,343.2936853169165,1.2599743960762062
10,70.0,0,0,1129,-1.7699436747924568,-1998.2664088406837,0.903130572776743,-0.4761178042085841,498,-0.1790364445036336,-89.16014936280953,0.9942894122249738,-0.0316506676441265,414,2.825881080320588,1169.9147672527233,1.0779018603778727,0.39931372977270124
10,70.0,0,1,256,-5.243387881346127,-1342.3072976246085,0.7575824788274745,-0.6305161522310964,154,11.286849091590279,1738.1747601049028,1.4095894955573518,1.0872808388624593,98,1.0669038364704109,104.55657597410027,1.0318125114217191,0.07823339461020139
10,70.0,1,0,13,1.5027442309790506,19.535675002727658,1.124363543332841,0.0654228576709906,12,9.413810992276618,112.96573190731942,1.4275225858497174,0.31785421731604563,5,36.42571608681683,182.12858043408414,3.505087136914135,0.8166983845572405
10,70.0,1,1,11,2.337962406315455,25.717586469470007,1.1704242678228367,0.08617275448044798,11,14.049690571754995,154.54659628930494,1.694115696677495,0.44094651302582166,4,63.52243912634458,254.08975650537832,343.2936853169165,1.2599743960762062
10,75.0,0,0,1129,-1.7699436747924568,-1998.2664088406837,0.903130572776743,-0.4761178042085841,498,-0.1790364445036336,-89.16014936280953,0.9942894122249738,-0.0316506676441265,414,2.825881080320588,1169.9147672527233,1.0779018603778727,0.39931372977270124
10,75.0,0,1,197,-5.858393494702159,-1154.1035184563252,0.7312837781045726,-0.6140720051971968,116,14.115708702103033,1637.422209443952,1.529702031889528,1.143139175037748,75,8.817549129806963,661.3161847355223,1.289885446828875,0.5441711860526692
10,75.0,1,0,13,1.5027442309790506,19.535675002727658,1.124363543332841,0.0654228576709906,12,9.413810992276618,112.96573190731942,1.4275225858497174,0.31785421731604563,5,36.42571608681683,182.12858043408414,3.505087136914135,0.8166983845572405
10,75.0,1,1,10,8.971567217707616,89.71567217707616,2.03233920380908,0.3429622543077187,7,23.995004098504847,167.96502868953394,11.780066770213118,1.0396322146147436,3,84.94402385410528,254.83207156231583,254832071562.31583,1.2636934951982912
10,80.0,0,0,1129,-1.7699436747924568,-1998.2664088406837,0.903130572776743,-0.4761178042085841,498,-0.1790364445036336,-89.16014936280953,0.9942894122249738,-0.0316506676441265,414,2.825881080320588,1169.9147672527233,1.0779018603778727,0.39931372977270124
10,80.0,0,1,146,-5.119453253384569,-747.4401749941471,0.7445575873199627,-0.5006575644827012,83,10.50783541170729,872.1503391717051,1.3430529003905247,0.6861919983855849,57,12.243116446528578,697.857637452129,1.4205104382214797,0.6346135745243627
10,80.0,1,0,13,1.5027442309790506,19.535675002727658,1.124363543332841,0.0654228576709906,12,9.413810992276618,112.96573190731942,1.4275225858497174,0.31785421731604563,5,36.42571608681683,182.12858043408414,3.505087136914135,0.8166983845572405
10,80.0,1,1,9,8.631901046257049,77.68710941631343,1.893929084349637,0.298554719079992,6,25.28693533655587,151.72161201933523,10.73755739997511,0.9482516706356205,3,84.94402385410528,254.83207156231583,254832071562.31583,1.2636934951982912
10,85.0,0,0,1129,-1.7699436747924568,-1998.2664088406837,0.903130572776743,-0.4761178042085841,498,-0.1790364445036336,-89.16014936280953,0.9942894122249738,-0.0316506676441265,414,2.825881080320588,1169.9147672527233,1.0779018603778727,0.39931372977270124
10,85.0,0,1,91,-6.8913609704069625,-627.1138483070335,0.689815606048337,-0.49500620023094904,52,27.12475127198618,1410.4870661432815,2.5243704428407283,1.518727233855501,39,42.860532733640774,1671.5607766119901,4.725239580306236,1.861035126259081
10,85.0,1,0,13,1.5027442309790506,19.535675002727658,1.124363543332841,0.0654228576709906,12,9.413810992276618,112.96573190731942,1.4275225858497174,0.31785421731604563,5,36.42571608681683,182.12858043408414,3.505087136914135,0.8166983845572405
10,85.0,1,1,5,2.9315176431904546,14.657588215952273,1.7633612351768204,0.21449640138510576,4,11.094348227426963,44.37739290970785,3.8481598960631844,0.6875244860840036,2,66.4950178723393,132.9900357446786,132990035744.6786,1.0777332833606694
15,50.0,0,0,1129,-0.6854692372032499,-773.8947688024691,0.9636628241753058,-0.17496258288333819,498,-3.6630961622594147,-1824.2218888051884,0.9021604593006896,-0.5772322580608328,414,5.267199784966078,2180.620710975956,1.1410197798271435,0.7004790619073503
15,50.0,0,1,514,3.1763673833303776,1632.652835031814,1.1719034064628118,0.520622412394713,280,6.87696482091929,1925.5501498574013,1.2124422978175535,0.8207622656151737,197,9.174788045796525,1807.4332450219154,1.2806631407497377,0.8954047387526625
15,50.0,1,0,72,12.125288260066315,873.0207547247746,2.15195332925264,0.9313775758617165,43,13.940236409585173,599.4301656121625,1.578568665118583,0.8080676395106157,27,-3.0984156530165046,-83.65722263144562,0.9287090911679154,-0.10002051512563527
15,50.0,1,1,64,12.455528793734459,797.1538427990054,2.179234424626855,0.87710688434584,40,11.282674755808921,451.30699023235684,1.4392144555585882,0.6246392362418116,25,8.08959666986193,202.23991674654826,1.2280666550040826,0.2708507190711791
15,60.0,0,0,1129,-0.6854692372032499,-773.8947688024691,0.9636628241753058,-0.17496258288333819,498,-3.6630961622594147,-1824.2218888051884,0.9021604593006896,-0.5772322580608328,414,5.267199784966078,2180.620710975956,1.1410197798271435,0.7004790619073503
15,60.0,0,1,393,2.8049660034570105,1102.351639358605,1.1493596760270612,0.40009543794560215,213,5.085327797200968,1083.1748208038061,1.1423761372857126,0.5008125162299587,151,11.2128300396169,1693.1373359821519,1.3620138086425684,0.9445730754100081
15,60.0,1,0,72,12.125288260066315,873.0207547247746,2.15195332925264,0.9313775758617165,43,13.940236409585173,599.4301656121625,1.578568665118583,0.8080676395106157,27,-3.0984156530165046,-83.65722263144562,0.9287090911679154,-0.10002051512563527
15,60.0,1,1,60,9.852549166910467,591.152950014628,1.8763135276548557,0.7069469463290878,37,7.378525983784719,273.0054614000346,1.26569042290172,0.38816825983936537,22,23.719032590596477,521.8187169931225,2.137136401964534,0.9505359145068881
15,65.0,0,0,1129,-0.6854692372032499,-773.8947688024691,0.9636628241753058,-0.17496258288333819,498,-3.6630961622594147,-1824.2218888051884,0.9021604593006896,-0.5772322580608328,414,5.267199784966078,2180.620710975956,1.1410197798271435,0.7004790619073503
15,65.0,0,1,327,0.4424846941670188,144.69249499261514,1.021981719482429,0.05689065941225404,181,3.6339979059576053,657.7536209783266,1.1001073151878127,0.3282714238479337,125,12.377500379646227,1547.1875474557783,1.3852068292166195,0.9199600801120494
15,65.0,1,0,72,12.125288260066315,873.0207547247746,2.15195332925264,0.9313775758617165,43,13.940236409585173,599.4301656121625,1.578568665118583,0.8080676395106157,27,-3.0984156530165046,-83.65722263144562,0.9287090911679154,-0.10002051512563527
15,65.0,1,1,55,9.658844470716312,531.2364458893971,1.907955727432515,0.6785950741406562,35,7.703153786743912,269.6103825360369,1.2693180500292816,0.384563961257554,21,22.75302130747271,477.81344745692695,2.0412410416826825,0.8749873872357659
15,70.0,0,0,1129,-0.6854692372032499,-773.8947688024691,0.9636628241753058,-0.17496258288333819,498,-3.6630961622594147,-1824.2218888051884,0.9021604593006896,-0.5772322580608328,414,5.267199784966078,2180.620710975956,1.1410197798271435,0.7004790619073503
15,70.0,0,1,256,-4.571820355133362,-1170.3860109141406,0.8012784831196726,-0.5143230853762809,154,5.699290902576141,877.6907989967258,1.1552396951853396,0.4574298760356922,98,6.275484692690135,614.9974998836333,1.185673414388971,0.42046554742157055
15,70.0,1,0,72,12.125288260066315,873.0207547247746,2.15195332925264,0.9313775758617165,43,13.940236409585173,599.4301656121625,1.578568665118583,0.8080676395106157,27,-3.0984156530165046,-83.65722263144562,0.9287090911679154,-0.10002051512563527
15,70.0,1,1,51,9.448956487920317,481.8967808839361,1.880858981203934,0.6335684553835801,31,5.04714190901359,156.46139917942128,1.1644812713335275,0.2308966263086733,18,11.833082939708119,212.99549291474614,1.4641553101877889,0.45101786238457553
15,75.0,0,0,1129,-0.6854692372032499,-773.8947688024691,0.9636628241753058,-0.17496258288333819,498,-3.6630961622594147,-1824.2218888051884,0.9021604593006896,-0.5772322580608328,414,5.267199784966078,2180.620710975956,1.1410197798271435,0.7004790619073503
15,75.0,0,1,197,-5.082763189578427,-1001.3043483469501,0.7834305800242319,-0.49090551826641005,116,5.599498829460885,649.5418642174627,1.1433914970621128,0.3637978217277745,75,18.51683075361017,1388.7623065207626,1.6561543207036138,1.0523983983808156
15,75.0,1,0,72,12.125288260066315,873.0207547247746,2.15195332925264,0.9313775758617165,43,13.940236409585173,599.4301656121625,1.578568665118583,0.8080676395106157,27,-3.0984156530165046,-83.65722263144562,0.9287090911679154,-0.10002051512563527
15,75.0,1,1,40,14.539258961042378,581.5703584416951,2.9786683517539974,0.883078145274722,24,9.587671958361474,230.10412700067536,1.3654115899834485,0.4038659876810831,13,28.272639629779476,367.5443151871332,2.7763602858661947,1.0100641063862406
15,80.0,0,0,1129,-0.6854692372032499,-773.8947688024691,0.9636628241753058,-0.17496258288333819,498,-3.6630961622594147,-1824.2218888051884,0.9021604593006896,-0.5772322580608328,414,5.267199784966078,2180.620710975956,1.1410197798271435,0.7004790619073503
15,80.0,0,1,146,-5.623299087354634,-821.0016667537766,0.74874013427478,-0.4868576028411696,83,-1.8374842795725184,-152.51119520451903,0.9588370605315973,-0.09745670858244987,57,23.595843602499755,1344.963085342486,1.861015215782057,1.093128747947866
15,80.0,1,0,72,12.125288260066315,873.0207547247746,2.15195332925264,0.9313775758617165,43,13.940236409585173,599.4301656121625,1.578568665118583,0.8080676395106157,27,-3.0984156530165046,-83.65722263144562,0.9287090911679154,-0.10002051512563527
15,80.0,1,1,34,9.227189532142134,313.7244440928325,2.067380102317126,0.5293748867435861,20,4.453531494409435,89.0706298881887,1.1414465742640711,0.16010574995346827,11,30.466658992617422,335.13324891879165,2.7293430988680734,0.9344442205300834
15,85.0,0,0,1129,-0.6854692372032499,-773.8947688024691,0.9636628241753058,-0.17496258288333819,498,-3.6630961622594147,-1824.2218888051884,0.9021604593006896,-0.5772322580608328,414,5.267199784966078,2180.620710975956,1.1410197798271435,0.7004790619073503
15,85.0,0,1,91,-7.71372727380379,-701.9491819161449,0.6750646658384369,-0.49380989636566697,52,19.149787695721617,995.7889601775241,1.6706840710336932,0.9127865440964954,39,51.15702681574541,1995.124045814071,4.640101638393661,1.840257926336426
15,85.0,1,0,72,12.125288260066315,873.0207547247746,2.15195332925264,0.9313775758617165,43,13.940236409585173,599.4301656121625,1.578568665118583,0.8080676395106157,27,-3.0984156530165046,-83.65722263144562,0.9287090911679154,-0.10002051512563527
15,85.0,1,1,22,9.584859048358629,210.86689906388983,2.629778904197634,0.4444796650650174,15,-0.630586081188206,-9.45879121782309,0.9806863310874503,-0.019632153615794748,8,38.771903379723426,310.1752270377874,11.69266786413944,1.559330530563521
20,50.0,0,0,1129,-0.6661360408432389,-752.0675901120167,0.966310219978963,-0.16321528728719048,498,-5.191776715087305,-2585.504804113478,0.8747507843084351,-0.7453674777776593,414,6.44483447222317,2668.1614715003925,1.1627736774821673,0.796869808374423
20,50.0,0,1,514,2.831588694714097,1455.4365890830459,1.1394577637608505,0.4356915283200816,280,8.132555660989588,2277.1155850770847,1.2335733875582013,0.8913648701824476,197,13.152226398381428,2590.9886004811415,1.3946933125883931,1.1860862322466315
20,50.0,1,0,139,10.127931823420964,1407.782523455514,1.6691207264578412,0.9027690264983639,81,18.119145799226295,1467.6508097373298,1.589892302374252,1.0689177858082233,50,16.904117310950095,845.2058655475048,1.5786413779680635,0.872790829136835
20,50.0,1,1,109,10.316228383453112,1124.4688937963892,1.6788612485031669,0.7977392661996104,72,28.051581989095844,2019.7139032149007,2.1852643981994784,1.6676732245867014,45,29.468867594174743,1326.0990417378634,2.4918547873081414,1.5641665281674486
20,60.0,0,0,1129,-0.6661360408432389,-752.0675901120167,0.966310219978963,-0.16321528728719048,498,-5.191776715087305,-2585.504804113478,0.8747507843084351,-0.7453674777776593,414,6.44483447222317,2668.1614715003925,1.1627736774821673,0.796869808374423
20,60.0,0,1,393,3.4239150171302946,1345.5986017322057,1.1719153735906187,0.46063683927323196,213,7.326586587895806,1560.5629432218066,1.1929560889726574,0.6602842712377814,151,15.089504549148625,2278.5151869214424,1.4715982755464505,1.1627587377746778
20,60.0,1,0,139,10.127931823420964,1407.782523455514,1.6691207264578412,0.9027690264983639,81,18.119145799226295,1467.6508097373298,1.589892302374252,1.0689177858082233,50,16.904117310950095,845.2058655475048,1.5786413779680635,0.872790829136835
20,60.0,1,1,102,8.95459518138662,913.3687085014353,1.6011755044871194,0.7025087946516498,62,26.59590707225274,1648.9462384796698,1.9814463156135964,1.3840673213907362,40,36.70873254689659,1468.3493018758636,3.7315332634418947,2.0232310173411645
20,65.0,0,0,1129,-0.6661360408432389,-752.0675901120167,0.966310219978963,-0.16321528728719048,498,-5.191776715087305,-2585.504804113478,0.8747507843084351,-0.7453674777776593,414,6.44483447222317,2668.1614715003925,1.1627736774821673,0.796869808374423
20,65.0,0,1,327,0.7620100460995973,249.17728507456832,1.0353087413381918,0.0930656065491633,181,8.290929954455713,1500.658321756484,1.2239821937603215,0.7035816255501127,125,16.92940367374275,2116.175459217844,1.5128631616717372,1.1409920135796894
20,65.0,1,0,139,10.127931823420964,1407.782523455514,1.6691207264578412,0.9027690264983639,81,18.119145799226295,1467.6508097373298,1.589892302374252,1.0689177858082233,50,16.904117310950095,845.2058655475048,1.5786413779680635,0.872790829136835
20,65.0,1,1,92,6.9312832645443505,637.6780603380803,1.4472324085163557,0.5213628980760707,55,22.817076130234437,1254.939187162894,1.760186606042203,1.1034728811371797,38,35.3286876078183,1342.4901290970956,3.49740061086714,1.8717425375786452
20,70.0,0,0,1129,-0.6661360408432389,-752.0675901120167,0.966310219978963,-0.16321528728719048,498,-5.191776715087305,-2585.504804113478,0.8747507843084351,-0.7453674777776593,414,6.44483447222317,2668.1614715003925,1.1627736774821673,0.796869808374423
20,70.0,0,1,256,-5.0614379898197335,-1295.7281253938518,0.8011562700425637,-0.5356075653811638,154,8.09501563649499,1246.6324080202285,1.204274884931117,0.5999061541411917,98,9.56403965688904,937.275886375126,1.2781071215338695,0.5823109280807325
20,70.0,1,0,139,10.127931823420964,1407.782523455514,1.6691207264578412,0.9027690264983639,81,18.119145799226295,1467.6508097373298,1.589892302374252,1.0689177858082233,50,16.904117310950095,845.2058655475048,1.5786413779680635,0.872790829136835
20,70.0,1,1,84,5.410717381333089,454.50026003197945,1.3191954326178472,0.3777677215066237,48,20.478698784319857,982.9775416473531,1.608692332187142,0.8790376506246428,32,31.744402298443447,1015.8208735501903,3.342254190927318,1.6390597295809757
20,75.0,0,0,1129,-0.6661360408432389,-752.0675901120167,0.966310219978963,-0.16321528728719048,498,-5.191776715087305,-2585.504804113478,0.8747507843084351,-0.7453674777776593,414,6.44483447222317,2668.1614715003925,1.1627736774821673,0.796869808374423
20,75.0,0,1,197,-4.565204273353749,-899.3452418506886,0.8202945997632182,-0.41670609713457923,116,8.570212224111716,994.1446179969589,1.2042632886492923,0.5142592759451423,75,19.20756741369871,1440.567556027403,1.6142281928593785,0.967306494711584
20,75.0,1,0,139,10.127931823420964,1407.782523455514,1.6691207264578412,0.9027690264983639,81,18.119145799226295,1467.6508097373298,1.589892302374252,1.0689177858082233,50,16.904117310950095,845.2058655475048,1.5786413779680635,0.872790829136835
20,75.0,1,1,63,5.038671541343449,317.4363071046373,1.2935824091477852,0.2910411670060125,38,31.201162957969917,1185.6441924028568,2.0849927226249676,1.1751897479816893,24,45.63471809244978,1095.2332342187947,7.529652367537486,2.045545817325175
20,80.0,0,0,1129,-0.6661360408432389,-752.0675901120167,0.966310219978963,-0.16321528728719048,498,-5.191776715087305,-2585.504804113478,0.8747507843084351,-0.7453674777776593,414,6.44483447222317,2668.1614715003925,1.1627736774821673,0.796869808374423
20,80.0,0,1,146,-5.389748997301978,-786.9033536060888,0.779312937443895,-0.44173286930491584,83,4.023557889156076,333.9553047999543,1.0908712946471804,0.20493163251289775,57,24.294775207640207,1384.8021868354917,1.7642617746544662,0.9757754363969967
20,80.0,1,0,139,10.127931823420964,1407.782523455514,1.6691207264578412,0.9027690264983639,81,18.119145799226295,1467.6508097373298,1.589892302374252,1.0689177858082233,50,16.904117310950095,845.2058655475048,1.5786413779680635,0.872790829136835
20,80.0,1,1,48,6.504405415415647,312.21145993995106,1.4391794015387473,0.35980247454321496,28,10.365160602317896,290.2244968649011,1.2655868168912827,0.3263289836699117,20,50.44641656700169,1008.9283313400338,7.3829208829707875,1.9071560726225407
20,85.0,0,0,1129,-0.6661360408432389,-752.0675901120167,0.966310219978963,-0.16321528728719048,498,-5.191776715087305,-2585.504804113478,0.8747507843084351,-0.7453674777776593,414,6.44483447222317,2668.1614715003925,1.1627736774821673,0.796869808374423
20,85.0,0,1,91,-5.969340054389979,-543.2099449494881,0.7490093609211917,-0.3729234720449448,52,21.346140729340032,1109.9993179256817,1.6726864706305937,0.935596853002957,39,54.23876107003376,2115.3116817313166,4.018026672869135,1.6701294319809608
20,85.0,1,0,139,10.127931823420964,1407.782523455514,1.6691207264578412,0.9027690264983639,81,18.119145799226295,1467.6508097373298,1.589892302374252,1.0689177858082233,50,16.904117310950095,845.2058655475048,1.5786413779680635,0.872790829136835
20,85.0,1,1,32,12.518331917108867,400.58662134748374,2.2459429367149424,0.5528289927295491,18,17.684391095769872,318.3190397238577,1.8304882449064899,0.63707361916499,16,58.41962634620245,934.7140215392392,66.72100516978142,2.170380818975847
25,50.0,0,0,1129,-0.42272444482745153,-477.25589821019275,0.9794548516056496,-0.0995927390362439,498,-5.788274871654583,-2882.560886083982,0.8690524001496516,-0.7871543601125288,414,6.474912289297494,2680.6136877691624,1.151887607313329,0.7473249422394295
25,50.0,0,1,514,2.610525398432723,1341.8100547944196,1.1209058211963105,0.38263684576934576,280,6.68142259859165,1870.798327605662,1.1712032159496606,0.6705587286369351,197,11.250220607419527,2216.293459661647,1.2872648299628466,0.8929030373305014
25,50.0,1,0,212,6.155066287344794,1304.8740529170964,1.3444620497439435,0.6451958392717333,102,5.121752976229211,522.4188035753796,1.12764244357163,0.3191887852869234,77,33.230634650231096,2558.7588680677945,1.9292378106174293,1.2542960088313013
25,50.0,1,1,152,5.850486899685303,889.2740087521661,1.3034820859283283,0.49321709806192954,89,18.6509287044737,1659.9326546981592,1.6142556762111049,1.1514336716224518,63,31.42944598540138,1980.055097080287,1.9267793976140621,1.1338000660809553
25,60.0,0,0,1129,-0.42272444482745153,-477.25589821019275,0.9794548516056496,-0.0995927390362439,498,-5.788274871654583,-2882.560886083982,0.8690524001496516,-0.7871543601125288,414,6.474912289297494,2680.6136877691624,1.151887607313329,0.7473249422394295
25,60.0,0,1,393,3.5885927282801826,1410.3169422141118,1.169377996121789,0.45622255251794763,213,4.38581142279378,934.1778330550751,1.1002219976005858,0.3582929577012691,151,13.74860755429489,2076.0397406985285,1.36275031616474,0.9546476613662369
25,60.0,1,0,212,6.155066287344794,1304.8740529170964,1.3444620497439435,0.6451958392717333,102,5.121752976229211,522.4188035753796,1.12764244357163,0.3191887852869234,77,33.230634650231096,2558.7588680677945,1.9292378106174293,1.2542960088313013
25,60.0,1,1,136,3.8236006112587586,520.0096831311912,1.1875593423310649,0.3060451264532482,74,17.037980634700993,1260.8105669678735,1.477561002956966,0.8857012641988659,55,39.27460776559813,2160.103427107897,2.4490532569590484,1.423768574949391
25,65.0,0,0,1129,-0.42272444482745153,-477.25589821019275,0.9794548516056496,-0.0995927390362439,498,-5.788274871654583,-2882.560886083982,0.8690524001496516,-0.7871543601125288,414,6.474912289297494,2680.6136877691624,1.151887607313329,0.7473249422394295
25,65.0,0,1,327,0.47908135029507426,156.65960154648928,1.0207161473351947,0.05544910584807941,181,6.963645825529594,1260.4198944208565,1.1698048227569005,0.5488576165222286,125,15.309127231673687,1913.6409039592108,1.3886311572882288,0.9241395367137101
25,65.0,1,0,212,6.155066287344794,1304.8740529170964,1.3444620497439435,0.6451958392717333,102,5.121752976229211,522.4188035753796,1.12764244357163,0.3191887852869234,77,33.230634650231096,2558.7588680677945,1.9292378106174293,1.2542960088313013
25,65.0,1,1,119,1.339690948363767,159.42322285528826,1.0645985406325662,0.10594250625576113,66,13.881227456798364,916.161012148692,1.3557627521721578,0.6648804572876479,51,44.41178444905795,2265.0010069019554,2.852913402531135,1.5414280754380987
25,70.0,0,0,1129,-0.42272444482745153,-477.25589821019275,0.9794548516056496,-0.0995927390362439,498,-5.788274871654583,-2882.560886083982,0.8690524001496516,-0.7871543601125288,414,6.474912289297494,2680.6136877691624,1.151887607313329,0.7473249422394295
25,70.0,0,1,256,-5.713500904642778,-1462.6562315885512,0.7896774801056581,-0.5753332942679744,154,6.565316920059877,1011.0588056892211,1.1491350050400344,0.4528372953099022,98,6.360972581260247,623.3753129635043,1.155706648865985,0.3459860059684908
25,70.0,1,0,212,6.155066287344794,1304.8740529170964,1.3444620497439435,0.6451958392717333,102,5.121752976229211,522.4188035753796,1.12764244357163,0.3191887852869234,77,33.230634650231096,2558.7588680677945,1.9292378106174293,1.2542960088313013
25,70.0,1,1,105,-1.597592222558619,-167.747183368655,0.9308596520565129,-0.11408035363103326,58,12.976372586593902,752.6296100224463,1.308283818447732,0.5559422857946867,39,44.726011826922985,1744.3144612499964,3.0924917480464664,1.287365278286334
25,75.0,0,0,1129,-0.42272444482745153,-477.25589821019275,0.9794548516056496,-0.0995927390362439,498,-5.788274871654583,-2882.560886083982,0.8690524001496516,-0.7871543601125288,414,6.474912289297494,2680.6136877691624,1.151887607313329,0.7473249422394295
25,75.0,0,1,197,-6.744414632485898,-1328.649682599722,0.7592154321778857,-0.5813795970017878,116,11.772874692668132,1365.6534643495033,1.2730020068203214,0.6807814043672894,75,14.583557129530673,1093.7667847148005,1.364908989787639,0.6451734305273628
25,75.0,1,0,212,6.155066287344794,1304.8740529170964,1.3444620497439435,0.6451958392717333,102,5.121752976229211,522.4188035753796,1.12764244357163,0.3191887852869234,77,33.230634650231096,2558.7588680677945,1.9292378106174293,1.2542960088313013
25,75.0,1,1,80,-6.499719061046074,-519.9775248836859,0.7538202383563137,-0.3844313967675679,46,21.032560400178898,967.4977784082294,1.5065469860684308,0.7641979072509074,26,69.47118052928748,1806.2506937614744,5.654842641070863,1.4135751802532008
25,80.0,0,0,1129,-0.42272444482745153,-477.25589821019275,0.9794548516056496,-0.0995927390362439,498,-5.788274871654583,-2882.560886083982,0.8690524001496516,-0.7871543601125288,414,6.474912289297494,2680.6136877691624,1.151887607313329,0.7473249422394295
25,80.0,0,1,146,-6.001646423028981,-876.2403777622312,0.7715480670123175,-0.4632639186070144,83,4.873833214869329,404.5281568341543,1.1044865117520415,0.24040063740493905,57,21.04161055712508,1199.3718017561296,1.514004048409234,0.7432765794271308
25,80.0,1,0,212,6.155066287344794,1304.8740529170964,1.3444620497439435,0.6451958392717333,102,5.121752976229211,522.4188035753796,1.12764244357163,0.3191887852869234,77,33.230634650231096,2558.7588680677945,1.9292378106174293,1.2542960088313013
25,80.0,1,1,61,1.1807504369879576,72.0257766562654,1.0600853138413813,0.07027857252315002,34,2.3944401911114577,81.41096649778956,1.0468071121094784,0.07296070330657471,21,78.6755560491358,1652.186677031852,5.257808188984776,1.2974184734582757
25,85.0,0,0,1129,-0.42272444482745153,-477.25589821019275,0.9794548516056496,-0.0995927390362439,498,-5.788274871654583,-2882.560886083982,0.8690524001496516,-0.7871543601125288,414,6.474912289297494,2680.6136877691624,1.151887607313329,0.7473249422394295
25,85.0,0,1,91,-7.2439313425357685,-659.1977521707549,0.720430485024638,-0.43075679836308006,52,24.160367992669446,1256.3391356188113,1.705274567712453,1.0154132766926565,39,51.06032026070105,1991.3524901673409,2.8284633297468256,1.3591811568695356
25,85.0,1,0,212,6.155066287344794,1304.8740529170964,1.3444620497439435,0.6451958392717333,102,5.121752976229211,522.4188035753796,1.12764244357163,0.3191887852869234,77,33.230634650231096,2558.7588680677945,1.9292378106174293,1.2542960088313013
25,85.0,1,1,41,5.594355025114166,229.3685560296808,1.3210083746531915,0.262415016537088,21,32.77461653193807,688.2669471706995,2.557669376282779,1.171734822309678,17,90.39275300110454,1536.676801018777,6.927439252148514,1.247724818601112
30,50.0,0,0,1115,-0.362813239394021,-404.5367619243334,0.9828582939456934,-0.08279914149508807,498,-7.969288285562291,-3968.705566210021,0.8308587983514143,-1.0558391991422218,411,9.472587042604445,3893.233274510427,1.21971766567197,1.062840352715861
30,50.0,0,1,506,2.764059126053027,1398.6139177828318,1.1264849720132324,0.3994840452083451,280,5.794913211708523,1622.5756992783863,1.1397055006017258,0.5647504406773064,196,14.120322062650441,2767.5831242794866,1.3439106749122864,1.0441743364625313
30,50.0,1,0,262,4.048073812138637,1060.595338780323,1.2123531417687519,0.46142587855062955,127,3.3016536107914893,419.31000857051913,1.0814133022445374,0.23526105957239324,91,28.50848145645062,2594.2718125370066,1.760421087023958,1.2443557841979498
30,50.0,1,1,169,4.945574448002952,835.8020817124989,1.247397691968883,0.4395371635498369,105,17.884832359742724,1877.9073977729859,1.5897511544492757,1.2353048698100464,69,30.372116711105424,2095.676053066274,1.7948051017381217,1.1009914893416026
30,60.0,0,0,1115,-0.362813239394021,-404.5367619243334,0.9828582939456934,-0.08279914149508807,498,-7.969288285562291,-3968.705566210021,0.8308587983514143,-1.0558391991422218,411,9.472587042604445,3893.233274510427,1.21971766567197,1.062840352715861
30,60.0,0,1,389,3.830435400855494,1490.0393709327873,1.1782477145703443,0.47981106186644223,213,2.0484389031555343,436.31748637212877,1.0433744524661248,0.16244432248416169,151,17.38148803811662,2624.6046937556093,1.436465795276941,1.1124621498850662
30,60.0,1,0,262,4.048073812138637,1060.595338780323,1.2123531417687519,0.46142587855062955,127,3.3016536107914893,419.31000857051913,1.0814133022445374,0.23526105957239324,91,28.50848145645062,2594.2718125370066,1.760421087023958,1.2443557841979498
30,60.0,1,1,149,3.865669052863445,575.9846888766533,1.1891400871294788,0.32406839633856155,84,15.355018126581225,1289.821522632823,1.4258195456138179,0.8700783194886398,59,37.32935876636259,2202.432167215393,2.1379968705731924,1.3051711167514712
30,65.0,0,0,1115,-0.362813239394021,-404.5367619243334,0.9828582939456934,-0.08279914149508807,498,-7.969288285562291,-3968.705566210021,0.8308587983514143,-1.0558391991422218,411,9.472587042604445,3893.233274510427,1.21971766567197,1.062840352715861
30,65.0,0,1,323,0.8660935304858377,279.7482103469256,1.0369041731803077,0.09785012457462353,181,4.383319083849513,793.3807541767619,1.099155715494919,0.33486678878943865,125,18.400574917134684,2300.0718646418354,1.4411075092011119,1.0189244704877205
30,65.0,1,0,262,4.048073812138637,1060.595338780323,1.2123531417687519,0.46142587855062955,127,3.3016536107914893,419.31000857051913,1.0814133022445374,0.23526105957239324,91,28.50848145645062,2594.2718125370066,1.760421087023958,1.2443557841979498
30,65.0,1,1,127,1.149998338232376,146.04978895551176,1.0536312814827589,0.0921003740798896,76,13.24134940597981,1006.3425548544656,1.345303290934136,0.6972395102380649,54,41.24604591578699,2227.2864794524976,2.3360576038741723,1.3566090296607978
30,70.0,0,0,1115,-0.362813239394021,-404.5367619243334,0.9828582939456934,-0.08279914149508807,498,-7.969288285562291,-3968.705566210021,0.8308587983514143,-1.0558391991422218,411,9.472587042604445,3893.233274510427,1.21971766567197,1.062840352715861
30,70.0,0,1,252,-4.862577722856908,-1225.3695861599408,0.8205197108048806,-0.4811515841428351,154,4.551087568350399,700.8674855259615,1.0973197842752693,0.306530400652706,98,8.359080452234055,819.1898843189374,1.1898743641801797,0.4133019359145981
30,70.0,1,0,262,4.048073812138637,1060.595338780323,1.2123531417687519,0.46142587855062955,127,3.3016536107914893,419.31000857051913,1.0814133022445374,0.23526105957239324,91,28.50848145645062,2594.2718125370066,1.760421087023958,1.2443557841979498
30,70.0,1,1,109,-0.07027886820113287,-7.660396633923483,0.9968847626668775,-0.0051184177831439005,64,10.667508208401756,682.7205253377124,1.2446473634422424,0.48237633101933813,42,38.59116672184124,1620.8290023173322,2.25503972296136,1.0595614879679298
30,75.0,0,0,1115,-0.362813239394021,-404.5367619243334,0.9828582939456934,-0.08279914149508807,498,-7.969288285562291,-3968.705566210021,0.8308587983514143,-1.0558391991422218,411,9.472587042604445,3893.233274510427,1.21971766567197,1.062840352715861
30,75.0,0,1,195,-6.689306251877282,-1304.41471911607,0.7664690994166382,-0.5662694762886792,116,10.38932875814503,1205.1621359448236,1.2243051937655032,0.5842407616307532,75,14.07857695617747,1055.8932717133102,1.311083865965233,0.5600866953964372
30,75.0,1,0,262,4.048073812138637,1060.595338780323,1.2123531417687519,0.46142587855062955,127,3.3016536107914893,419.31000857051913,1.0814133022445374,0.23526105957239324,91,28.50848145645062,2594.2718125370066,1.760421087023958,1.2443557841979498
30,75.0,1,1,83,-5.415704146124443,-449.50344412832874,0.7972390452808991,-0.3231619389562816,49,19.12671016735305,937.2087982002995,1.4348893742707745,0.7117620589910021,29,52.054501378205366,1509.5805399679557,2.6906127826774173,1.0326028738121127
30,80.0,0,0,1115,-0.362813239394021,-404.5367619243334,0.9828582939456934,-0.08279914149508807,498,-7.969288285562291,-3968.705566210021,0.8308587983514143,-1.0558391991422218,411,9.472587042604445,3893.233274510427,1.21971766567197,1.062840352715861
30,80.0,0,1,144,-5.055096724007601,-727.9339282570945,0.8113930647769467,-0.37366312097576054,83,1.370621938717014,113.76162091351216,1.0272146067862116,0.0664003939206993,57,22.101514670575277,1259.7863362227909,1.4704602808896063,0.6954865931642589
30,80.0,1,0,262,4.048073812138637,1060.595338780323,1.2123531417687519,0.46142587855062955,127,3.3016536107914893,419.31000857051913,1.0814133022445374,0.23526105957239324,91,28.50848145645062,2594.2718125370066,1.760421087023958,1.2443557841979498
30,80.0,1,1,62,-0.9427203190247119,-58.448659779532136,0.9568532523350592,-0.05407920871806052,36,-3.305896136979906,-119.01226093127661,0.9400245931556461,-0.10407282053289774,23,55.86251116938587,1284.837756895875,2.4389183471594404,0.8822803485205288
30,85.0,0,0,1115,-0.362813239394021,-404.5367619243334,0.9828582939456934,-0.08279914149508807,498,-7.969288285562291,-3968.705566210021,0.8308587983514143,-1.0558391991422218,411,9.472587042604445,3893.233274510427,1.21971766567197,1.062840352715861
30,85.0,0,1,90,-5.430434770062311,-488.739129305608,0.7927943658590086,-0.31164874353686867,52,21.90183109100417,1138.8952167322168,1.5735915466712167,0.89796676134171,39,52.433906303862244,2044.9223458506276,2.491550410711439,1.230800376813648
30,85.0,1,0,262,4.048073812138637,1060.595338780323,1.2123531417687519,0.46142587855062955,127,3.3016536107914893,419.31000857051913,1.0814133022445374,0.23526105957239324,91,28.50848145645062,2594.2718125370066,1.760421087023958,1.2443557841979498
30,85.0,1,1,41,4.685539528401067,192.10712066444376,1.2303040085583576,0.2051742749100922,22,33.46858169528456,736.3087972962603,2.307984312215983,1.1400820900260418,17,95.95339743304152,1631.2077563617058,6.255179627453987,1.203260987989707
40,50.0,0,0,1115,-1.6615348199755153,-1852.6113242726997,0.9283426173284695,-0.35488814882674985,498,-8.033918822396314,-4000.8915735533647,0.8403318812010202,-1.0065412452728437,411,6.687097218373647,2748.3969567515687,1.1399440761867423,0.7047453455631498
40,50.0,0,1,506,3.3246504477269396,1682.2731265498314,1.145903701674154,0.45704156481739494,280,6.696448419244371,1875.0055573884238,1.1504794154309137,0.6200865438567081,196,10.178359941188774,1994.9585484729996,1.2154755910181296,0.687001007226197
40,50.0,1,0,353,2.526227722034468,891.7583858781672,1.1181616918414985,0.2962791874720893,164,0.08203918840110153,13.45442689778065,1.0018288748132178,0.006295352637123824,133,5.664676461442243,753.4019693718183,1.1054681330279197,0.28958724257044155
40,50.0,1,1,192,8.14367655828608,1563.5858991909272,1.4098670181084114,0.708645030475069,119,18.16314550707894,2161.414315342394,1.5536313197629705,1.303161505549583,89,10.710587536248813,953.2422907261443,1.2046520612581293,0.4211458703110407
40,60.0,0,0,1115,-1.6615348199755153,-1852.6113242726997,0.9283426173284695,-0.35488814882674985,498,-8.033918822396314,-4000.8915735533647,0.8403318812010202,-1.0065412452728437,411,6.687097218373647,2748.3969567515687,1.1399440761867423,0.7047453455631498
40,60.0,0,1,389,4.403829582116968,1713.0897074435006,1.1947352869824874,0.5204207914724687,213,0.7080749109075061,150.8199560232988,1.0138024882524077,0.05352229525672729,151,13.137869917079556,1983.8183574790128,1.275740636131208,0.7516426689301497
40,60.0,1,0,353,2.526227722034468,891.7583858781672,1.1181616918414985,0.2962791874720893,164,0.08203918840110153,13.45442689778065,1.0018288748132178,0.006295352637123824,133,5.664676461442243,753.4019693718183,1.1054681330279197,0.28958724257044155
40,60.0,1,1,162,6.841301221768441,1108.2907979264874,1.3247578009591559,0.5371596752040945,93,13.996879171757966,1301.7097629734908,1.363235761677306,0.8181669732032264,72,18.35593182138119,1321.6270911394458,1.3803935232860192,0.6534301409811196
40,65.0,0,0,1115,-1.6615348199755153,-1852.6113242726997,0.9283426173284695,-0.35488814882674985,498,-8.033918822396314,-4000.8915735533647,0.8403318812010202,-1.0065412452728437,411,6.687097218373647,2748.3969567515687,1.1399440761867423,0.7047453455631498
40,65.0,0,1,323,1.765819680017014,570.3597566454955,1.0721621744194976,0.1882573917442634,181,3.662090986015504,662.8384684688062,1.0763605291009242,0.2651989914767294,125,14.057415137241565,1757.1768921551957,1.2827403104920956,0.6938408036441644
40,65.0,1,0,353,2.526227722034468,891.7583858781672,1.1181616918414985,0.2962791874720893,164,0.08203918840110153,13.45442689778065,1.0018288748132178,0.006295352637123824,133,5.664676461442243,753.4019693718183,1.1054681330279197,0.28958724257044155
40,65.0,1,1,138,3.4369978642662056,474.30570526873635,1.1569356839719893,0.26588420396142565,81,9.133160030157105,739.7859624427256,1.215842980438819,0.4815138308004177,62,26.289046175530707,1629.9208628829037,1.5788342539858908,0.8378251842317703
40,70.0,0,0,1115,-1.6615348199755153,-1852.6113242726997,0.9283426173284695,-0.35488814882674985,498,-8.033918822396314,-4000.8915735533647,0.8403318812010202,-1.0065412452728437,411,6.687097218373647,2748.3969567515687,1.1399440761867423,0.7047453455631498
40,70.0,0,1,252,-4.885346602360071,-1231.107343794738,0.8299596501622498,-0.4527442193471155,154,3.577054972192819,550.8664657176942,1.0716827821294004,0.22977913617759496,98,3.272662683717425,320.7209430043076,1.0601016491963227,0.1411669640974078
40,70.0,1,0,353,2.526227722034468,891.7583858781672,1.1181616918414985,0.2962791874720893,164,0.08203918840110153,13.45442689778065,1.0018288748132178,0.006295352637123824,133,5.664676461442243,753.4019693718183,1.1054681330279197,0.28958724257044155
40,70.0,1,1,117,1.1880419167531586,139.00090426011957,1.049515967401702,0.08065699561135684,69,7.531693065912528,519.6868215479644,1.1681928783468791,0.35484428469974677,49,19.746073219366995,967.5575877489828,1.3907006192478908,0.5249242053105836
40,75.0,0,0,1115,-1.6615348199755153,-1852.6113242726997,0.9283426173284695,-0.35488814882674985,498,-8.033918822396314,-4000.8915735533647,0.8403318812010202,-1.0065412452728437,411,6.687097218373647,2748.3969567515687,1.1399440761867423,0.7047453455631498
40,75.0,0,1,195,-6.084296726186711,-1186.4378616064087,0.7958747713924946,-0.48250739051028174,116,11.678041407781244,1354.6528033026243,1.2464228039818066,0.6272000861471598,75,6.5142241153794265,488.566808653457,1.1157549076918432,0.2259632179092942
40,75.0,1,0,353,2.526227722034468,891.7583858781672,1.1181616918414985,0.2962791874720893,164,0.08203918840110153,13.45442689778065,1.0018288748132178,0.006295352637123824,133,5.664676461442243,753.4019693718183,1.1054681330279197,0.28958724257044155
40,75.0,1,1,90,-3.3185213501702595,-298.66692151532334,0.8737248805473602,-0.19664484637361052,52,17.89194314741039,930.3810436653403,1.4191025793793492,0.6963135895289952,36,22.233243996184985,800.3967838626595,1.417153758409937,0.45371771988695786
40,80.0,0,0,1115,-1.6615348199755153,-1852.6113242726997,0.9283426173284695,-0.35488814882674985,498,-8.033918822396314,-4000.8915735533647,0.8403318812010202,-1.0065412452728437,411,6.687097218373647,2748.3969567515687,1.1399440761867423,0.7047453455631498
40,80.0,0,1,144,-6.411822078986075,-923.3023793739949,0.7842064773074746,-0.42824908135967543,83,5.646367846667868,468.64853127343304,1.1114457867260534,0.25951415849798076,57,14.862194582300857,847.1450911911488,1.245137144354937,0.4038683832743204
40,80.0,1,0,353,2.526227722034468,891.7583858781672,1.1181616918414985,0.2962791874720893,164,0.08203918840110153,13.45442689778065,1.0018288748132178,0.006295352637123824,133,5.664676461442243,753.4019693718183,1.1054681330279197,0.28958724257044155
40,80.0,1,1,68,-3.212945585011579,-218.4802997807874,0.8736268495095126,-0.16647948871560553,36,5.583228842465612,200.99623832876205,1.1083458043690726,0.17441654605824217,26,26.030368455294592,676.7895798376594,1.3993543855911625,0.38999577205253755
40,85.0,0,0,1115,-1.6615348199755153,-1852.6113242726997,0.9283426173284695,-0.35488814882674985,498,-8.033918822396314,-4000.8915735533647,0.8403318812010202,-1.0065412452728437,411,6.687097218373647,2748.3969567515687,1.1399440761867423,0.7047453455631498
40,85.0,0,1,90,-9.698225962593288,-872.840336633396,0.6927056241137675,-0.4839832999628667,52,27.429986672949326,1426.359306993365,1.7358406609151764,1.05662004963523,39,48.875788359888624,1906.1557460356562,1.9503734280301543,0.9702641329357788
40,85.0,1,0,353,2.526227722034468,891.7583858781672,1.1181616918414985,0.2962791874720893,164,0.08203918840110153,13.45442689778065,1.0018288748132178,0.006295352637123824,133,5.664676461442243,753.4019693718183,1.1054681330279197,0.28958724257044155
40,85.0,1,1,46,-4.258006846060178,-195.8683149187682,0.8446879829661138,-0.16881250912998785,23,38.286572432689354,880.5911659518551,2.4212855670497344,1.190181098071917,18,78.7825206116706,1418.085371010071,2.724954836406845,0.8657081843846322
