trig,fill,ex,side,px_in,px_out,r,reason,amb,pts,risk,year
102,103,130,1,13571.5,13608.75,1.849620253164557,2,0,37.25,20.13926909389543,2022
225,226,244,1,13490.5,13538.25,1.9002020202020202,2,0,47.75,25.12890708058686,2022
264,265,284,1,13704.0,13669.5,-1.100625,1,0,-34.5,31.345826235093696,2022
406,407,412,1,13728.0,13790.5,1.9156589147286822,2,0,62.5,32.625849789575916,2023
435,436,787,-1,13643.0,13835.5,-1.015611038107753,1,0,-192.5,189.54106717731082,2023
1082,1083,1085,1,14217.25,14060.5,-1.0192233009708738,1,0,-156.75,153.79357972947227,2023
1106,1107,1171,-1,14165.5,14074.5,1.952,2,0,91.0,46.618852459016395,2023
1197,1198,1247,1,14232.5,14198.5,-1.1022222222222222,1,0,-34.0,30.846774193548388,2023
1270,1271,1279,1,14256.5,14233.75,-1.1310843373493975,1,0,-22.75,20.11344269279932,2023
1349,1350,1354,1,14288.25,14222.25,-1.0425,1,0,-66.0,63.309352517985616,2023
1465,1466,1521,-1,14136.0,14049.0,1.9498305084745764,2,0,87.0,44.6192628650904,2023
1531,1532,1535,1,14056.0,14010.0,-1.0678857142857143,1,0,-46.0,43.075770547945204,2023
1911,1912,1921,1,14333.0,14453.25,1.9675720164609054,2,0,120.25,61.11593323851753,2023
2021,2022,2032,1,14725.75,14689.5,-1.0954074074074074,1,0,-36.25,33.092710305653235,2023
2186,2187,2188,1,14792.5,14717.5,-1.0372602739726027,1,0,-75.0,72.30586370839937,2023
2250,2251,2254,1,14609.75,14583.5,-1.16,1,0,-26.25,22.629310344827587,2023
2361,2362,2371,1,14809.0,14775.0,-1.093543307086614,1,0,-34.0,31.091589861751157,2023
2578,2579,2638,-1,15250.25,15114.75,1.9675912408759124,2,0,135.5,68.86592966315477,2023
2766,2767,2837,1,15405.25,15334.0,-1.0392779783393502,1,0,-71.25,68.55721133805753,2023
2939,2940,2941,1,15270.75,15225.5,-1.0628901734104046,1,0,-45.25,42.57260169675876,2023
3030,3031,3037,-1,14952.5,14994.25,-1.0684276729559747,1,0,-41.75,39.076112550035326,2023
3179,3180,3204,1,15207.25,15176.75,-1.125045045045045,1,1,-30.5,27.110025624599615,2023
3228,3229,3247,1,15294.0,15238.5,-1.060754716981132,1,0,-55.5,52.32123799359659,2023
3841,3842,3843,1,14916.0,14867.5,-1.064216216216216,1,0,-48.5,45.57344575375864,2023
3922,3923,3932,-1,14752.0,14697.25,1.912566371681416,2,0,54.75,28.626457523598,2023
3932,3933,4025,-1,14632.25,14758.25,-1.0260728744939271,1,0,-126.0,122.79829545454545,2023
4055,4056,4092,1,14757.0,14728.75,-1.136078431372549,1,0,-28.25,24.866240938902315,2023
4250,4251,4253,1,14641.25,14619.5,-1.1984,1,0,-21.75,18.149198931909215,2023
4410,4411,4446,1,14892.75,15003.5,1.956088888888889,2,0,110.75,56.61808143233663,2023
4584,4585,4589,-1,14993.0,14940.0,1.9185321100917432,2,0,53.0,27.625286916602906,2023
4683,4684,4790,1,14868.25,14783.0,-1.0326726726726727,1,0,-85.25,82.55278003954868,2023
4992,4993,4995,1,14620.25,14589.0,-1.1316814159292035,1,0,-31.25,27.613778542383486,2023
5019,5020,5026,-1,14613.75,14647.0,-1.1229752066115701,1,0,-33.25,29.608846040624083,2023
5177,5178,5221,1,14940.25,14910.0,-1.1261818181818182,1,0,-30.25,26.860671617694543,2023
5311,5312,5326,-1,15254.75,15197.5,1.916271186440678,2,0,57.25,29.875729701043692,2023
5492,5493,5502,1,15255.25,15220.75,-1.109291338582677,1,0,-34.5,31.10093696763203,2023
5878,5879,5886,1,15473.25,15442.5,-1.1139823008849556,1,0,-30.75,27.603670162059107,2023
5951,5952,5957,1,15340.75,15316.0,-1.1710344827586205,1,0,-24.75,21.13515901060071,2023
6070,6071,6072,-1,15356.25,15378.5,-1.1630379746835442,1,0,-22.25,19.130931649978233,2023
6143,6144,6164,1,15530.0,15575.5,1.8854736842105264,2,0,45.5,24.131866904868243,2023
6171,6172,6184,1,15634.25,15552.0,-1.0338940809968846,1,0,-82.25,79.55360371218514,2023
6191,6192,6262,1,15611.75,15671.0,1.9348760330578514,2,0,59.25,30.622116863147102,2023
6332,6333,6355,-1,15736.25,15777.0,-1.0771428571428572,1,0,-40.75,37.8315649867374,2023
6392,6393,6412,-1,15766.25,15785.5,-1.2289230769230768,1,0,-19.25,15.66412118177266,2023
6734,6735,6750,-1,15652.25,15669.5,-1.2393103448275862,1,0,-17.25,13.919031719532555,2023
6786,6787,6861,1,15672.5,15636.25,-1.0794160583941605,1,0,-36.25,33.5829726805518,2023
6905,6906,6933,-1,15594.75,15617.25,-1.1756962025316455,1,0,-22.5,19.137596899224807,2023
6946,6947,6949,1,15614.25,15583.25,-1.1129824561403507,1,0,-31.0,27.853089533417407,2023
6952,6953,6955,-1,15679.25,15604.75,1.941578947368421,2,0,74.5,38.37083220384928,2023
7864,7865,7871,1,15502.75,15478.75,-1.149767441860465,1,0,-24.0,20.87378640776699,2023
7879,7880,7884,1,15459.75,15433.75,-1.1250526315789473,1,0,-26.0,23.110029940119762,2023
7885,7886,7903,1,15492.5,15419.25,-1.0381754385964912,1,0,-73.25,70.5564755982155,2023
7904,7905,7910,-1,15402.0,15455.5,-1.0579512195121952,1,0,-53.5,50.56943932128366,2023
7959,7960,7962,1,15528.0,15510.25,-1.2111475409836066,1,0,-17.75,14.655522468868435,2023
8072,8073,8076,1,15794.25,15708.75,-1.0325748502994012,1,0,-85.5,82.80271398747391,2023
8150,8151,8175,-1,15827.75,15859.75,-1.0998319327731092,1,0,-32.0,29.095354523227385,2023
8206,8207,8228,1,15811.25,15841.5,1.8172307692307692,2,0,30.25,16.646207246867593,2023
8441,8442,8445,-1,15593.0,15535.75,1.9326495726495727,2,0,57.25,29.622545551034847,2023
8611,8612,8625,1,15837.75,15817.5,-1.1814084507042253,1,0,-20.25,17.140557939914164,2023
8827,8828,8834,-1,15842.5,15894.5,-1.0544,1,0,-52.0,49.317147192716234,2023
9001,9002,9012,-1,15957.75,15862.0,1.9593814432989691,2,0,95.75,48.86746290645059,2023
9186,9187,9296,1,16033.5,16192.75,1.9754517133956386,2,0,159.25,80.61447360121113,2023
9581,9582,9593,-1,16412.75,16457.5,-1.0762130177514793,1,0,-44.75,41.58098746426215,2023
9624,9625,9644,-1,16434.0,16389.0,1.8842553191489362,2,0,45.0,23.882113821138212,2023
9746,9747,9767,-1,16120.25,16185.0,-1.0433466135458167,1,0,-64.75,62.05991293722316,2023
9956,9957,9961,1,16891.75,16972.75,1.9344578313253011,2,0,81.0,41.87219730941704,2023
10101,10102,10361,-1,16946.5,17061.25,-1.0264,1,0,-114.75,111.79851909586905,2023
10574,10575,10577,1,17142.75,17088.75,-1.0523076923076924,1,0,-54.0,51.315789473684205,2023
11074,11075,11084,1,17458.5,17438.75,-1.222089552238806,1,0,-19.75,16.160845139228137,2023
11124,11125,11141,1,17478.0,17430.75,-1.060110497237569,1,0,-47.25,44.57082551594747,2023
11213,11214,11218,1,17484.75,17602.25,1.9626890756302522,2,0,117.5,59.86684363760918,2023
11230,11231,11232,-1,17611.5,17656.5,-1.0632558139534884,1,0,-45.0,42.32283464566929,2023
11422,11423,11432,1,17600.5,17577.0,-1.1814634146341463,1,0,-23.5,19.890586292320396,2023
11503,11504,11505,1,17620.75,17582.75,-1.083076923076923,1,0,-38.0,35.08522727272727,2023
12026,12027,12033,1,17416.25,17385.25,-1.1129824561403507,1,0,-31.0,27.853089533417407,2023
12151,12152,12191,1,17434.0,17494.75,1.92096,2,0,60.75,31.624812593703147,2023
12217,12218,12219,1,17538.5,17583.75,1.8948936170212767,2,0,45.25,23.879968560520997,2023
12551,12552,12560,-1,17631.75,17589.5,1.8877272727272727,2,0,42.25,22.381411028172405,2023
12625,12626,12634,-1,17565.25,17532.5,1.8302857142857143,2,0,32.75,17.8933812051202,2023
13001,13002,13004,-1,17848.0,17868.75,-1.2095774647887323,1,0,-20.75,17.154750815090825,2023
13162,13163,13189,1,18024.75,18055.0,1.8172307692307692,2,0,30.25,16.646207246867593,2023
13199,13200,13213,-1,18042.5,18065.0,-1.161,1,0,-22.5,19.37984496124031,2023
13480,13481,13490,1,18211.5,18174.0,-1.0919999999999999,1,0,-37.5,34.34065934065934,2023
13906,13907,13921,1,18012.75,18060.0,1.8800000000000001,2,0,47.25,25.132978723404253,2023
14035,14036,14046,1,18030.25,18076.5,1.8970833333333335,2,0,46.25,24.37952998023281,2023
14090,14091,14095,-1,18225.5,18186.25,1.8568674698795182,2,0,39.25,21.13774980534648,2023
14148,14149,14149,1,18219.0,18185.25,-1.0856692913385826,1,0,-33.75,31.086814621409925,2023
14150,14151,14153,1,18228.25,18177.25,-1.0555102040816327,1,0,-51.0,48.31786542923434,2023
14239,14240,14240,1,18162.25,18116.25,-1.0618181818181818,1,0,-46.0,43.32191780821918,2023
14249,14250,14252,-1,18130.25,18177.5,-1.060110497237569,1,0,-47.25,44.57082551594747,2023
14571,14572,14584,-1,17775.25,17798.25,-1.186,1,0,-23.0,19.392917369308602,2023
14588,14589,14610,-1,17782.0,17818.75,-1.086086956521739,1,0,-36.75,33.837069655724584,2023
14949,14950,14960,1,17571.75,17539.5,-1.1176271186440678,1,0,-32.25,28.855777979981802,2023
15023,15024,15031,-1,17464.0,17399.25,1.9113432835820896,2,0,64.75,33.876698422614396,2023
15054,15055,15070,-1,17494.25,17441.5,1.9093577981651377,2,0,52.75,27.627090140303668,2023
15074,15075,15075,-1,17394.0,17430.0,-1.08,1,0,-36.0,33.33333333333333,2023
15153,15154,15167,-1,17552.25,17582.0,-1.1181651376146788,1,0,-29.75,26.606087955365936,2023
15222,15223,15237,-1,17463.75,17484.75,-1.2066666666666666,1,0,-21.0,17.403314917127073,2023
15349,15350,15354,1,17348.75,17326.0,-1.1448780487804877,1,0,-22.75,19.871112057946316,2023
15447,15448,15449,1,17028.25,16963.75,-1.04352,1,0,-64.5,61.81002759889604,2023
15490,15491,15510,-1,17116.75,17072.5,1.872258064516129,2,0,44.25,23.634562370778774,2023
15622,15623,15624,-1,17402.0,17432.5,-1.115,1,0,-30.5,27.3542600896861,2023
15633,15634,15727,-1,17359.75,17447.5,-1.0317201166180758,1,0,-87.75,85.05213631739572,2023
16017,16018,16100,1,17402.25,17525.5,1.9683534136546186,2,0,123.25,62.615787970292985,2023
16164,16165,16186,-1,17749.0,17776.75,-1.1388,1,0,-27.75,24.367755532139093,2023
16192,16193,16194,1,17831.25,17738.25,-1.0298901098901099,1,0,-93.0,90.30089628681178,2023
16208,16209,16213,-1,17807.5,17865.0,-1.049009009009009,1,0,-57.5,54.81363792511165,2023
16284,16285,16382,1,17908.0,17830.0,-1.0357894736842106,1,0,-78.0,75.30487804878048,2023
16813,16814,16817,1,17611.25,17579.5,-1.11008547008547,1,0,-31.75,28.601401293501695,2023
16847,16848,16852,-1,17613.5,17654.5,-1.0766451612903225,1,0,-41.0,38.08125599232982,2023
17146,17147,17177,1,17748.0,17725.5,-1.1756962025316455,1,0,-22.5,19.137596899224807,2023
17287,17288,17291,-1,17769.75,17690.75,1.9448447204968944,2,0,79.0,40.620209504343386,2023
17374,17375,17384,-1,17531.25,17572.25,-1.0766451612903225,1,0,-41.0,38.08125599232982,2023
17879,17880,17888,-1,17095.5,17074.25,1.7472340425531916,2,0,21.25,12.162079883097904,2023
17943,17944,18051,-1,16909.0,16747.75,1.9757538461538462,2,0,161.25,81.61441786581948,2023
18222,18223,18224,1,17200.25,17128.0,-1.0387188612099645,1,0,-72.25,69.55683842675072,2023
18234,18235,18252,-1,17030.5,17117.5,-1.3043866171003717,1,0,-87.0,66.69801641586868,2023
18337,18338,18401,1,17088.75,17030.25,-1.0528,1,0,-58.5,55.5661094224924,2023
18514,18515,18522,-1,17004.0,17036.25,-1.0899173553719008,1,0,-32.25,29.589399454049136,2023
18682,18683,18691,-1,16821.5,17051.0,-1.013069306930693,1,0,-229.5,226.53928850664582,2023
18871,18872,18872,1,17363.0,17330.25,-1.0884552845528455,1,0,-32.75,30.08851210038841,2023
19032,19033,19054,-1,17571.5,17516.0,1.905391304347826,2,0,55.5,29.127875136911282,2023
19153,19154,19160,-1,17431.25,17284.5,1.9733783783783785,2,0,146.75,74.36485653632815,2023
19235,19236,19244,1,17291.5,17349.0,1.9247457627118645,2,0,57.5,29.874075378654453,2023
19406,19407,19414,1,17356.25,17317.75,-1.097062937062937,1,0,-38.5,35.0937021927588,2023
19441,19442,19445,-1,17252.25,17315.5,-1.0444081632653062,1,0,-63.25,60.56061435047678,2023
19674,19675,19683,1,16858.25,16837.0,-1.2038356164383561,1,0,-21.25,17.651911697769687,2023
19710,19711,19828,1,16799.75,17065.75,1.9834018691588784,2,0,266.0,134.1130126658625,2023
19868,19869,19886,-1,16902.0,16933.5,-1.120695652173913,1,0,-31.5,28.10754189944134,2023
19930,19931,19934,-1,16503.75,16531.75,-1.1488,1,0,-28.0,24.37325905292479,2023
20060,20061,20071,1,16477.0,16452.0,-1.143111111111111,1,0,-25.0,21.870139968895803,2023
20104,20105,20105,1,16417.75,16375.0,-1.0667484662576687,1,0,-42.75,40.075051759834366,2023
20223,20224,20237,-1,16513.5,16473.25,1.8602352941176472,2,0,40.25,21.637047811788513,2023
20283,20284,20346,1,16633.25,16567.75,-1.0469565217391303,1,0,-65.5,62.562292358803994,2023
20454,20455,20457,-1,17045.75,17094.5,-1.0581818181818181,1,0,-48.75,46.06958762886598,2023
20479,20480,20481,-1,17120.75,17159.0,-1.0900699300699301,1,0,-38.25,35.08949191685912,2023
20640,20641,20643,-1,17342.0,17389.25,-1.060110497237569,1,0,-47.25,44.57082551594747,2023
21242,21243,21267,1,18075.0,18108.25,1.8326760563380282,2,0,33.25,18.142868121733784,2023
21475,21476,21486,-1,18014.0,18047.5,-1.0863492063492064,1,0,-33.5,30.837229690239624,2023
21565,21566,21569,1,18065.25,18124.75,1.9272131147540983,2,0,59.5,30.873596461381425,2023
21664,21665,21689,-1,18121.25,18160.5,-1.0802702702702702,1,0,-39.25,36.33350012509382,2023
21752,21753,21755,1,18227.25,18283.25,1.9227826086956523,2,0,56.0,29.124457308248914,2023
22133,22134,22168,1,18217.5,18254.5,1.8605128205128205,2,0,37.0,19.886990077177508,2023
22378,22379,22381,-1,18018.5,18088.75,-1.0398534798534798,1,0,-70.25,67.5575947583486,2023
22490,22491,22492,-1,17957.75,17992.25,-1.0836923076923077,1,0,-34.5,31.835604770017035,2023
22838,22839,22840,-1,18099.0,18138.0,-1.080816326530612,1,0,-39.0,36.083836858006045,2023
23021,23022,23022,1,18455.0,18422.25,-1.1064462809917355,1,0,-32.75,29.599268001195103,2023
23218,23219,23305,-1,18696.75,18767.5,-1.0395636363636362,1,0,-70.75,68.05740170700994,2023
23440,23441,23479,1,18870.0,18896.5,1.809122807017544,2,0,26.5,14.647982932505817,2023
23515,23516,23560,1,18955.5,18925.75,-1.1181651376146788,1,0,-29.75,26.606087955365936,2023
23647,23648,23673,1,18802.75,18846.25,1.8804395604395605,2,0,43.5,23.13288920056101,2023
24220,24221,24222,-1,18903.25,18830.0,1.9341333333333333,2,0,73.25,37.87225975458431,2024
24248,24249,24330,-1,18653.0,18514.75,1.9717562724014337,2,0,138.25,70.11515669308514,2024
24512,24513,24516,1,18379.75,18479.25,1.956039603960396,2,0,99.5,50.86809070662078,2024
24948,24949,24949,1,18903.25,18881.0,-1.1932467532467532,1,0,-22.25,18.64660426643448,2024
25432,25433,25442,1,19176.75,19269.0,1.957860962566845,2,0,92.25,47.1177482792527,2024
25709,25710,25726,1,19639.5,19573.25,-1.0423346303501946,1,0,-66.25,63.55924294460206,2024
25795,25796,25796,1,19606.5,19574.5,-1.1091525423728814,1,0,-32.0,28.85085574572127,2024
25894,25895,25896,-1,19452.5,19507.25,-1.051563981042654,1,0,-54.75,52.065305570578694,2024
25961,25962,25966,1,19511.75,19482.0,-1.1285185185185185,1,0,-29.75,26.361995405316705,2024
26054,26055,26073,1,19645.75,19606.25,-1.0944217687074829,1,0,-39.5,36.09211834908007,2024
26140,26141,26143,-1,19372.5,19398.75,-1.16,1,0,-26.25,22.629310344827587,2024
26185,26186,26190,1,19319.0,19276.0,-1.0663414634146342,1,0,-43.0,40.324794144556265,2024
26192,26193,26194,1,19410.75,19252.25,-1.0173801916932907,1,0,-158.5,155.7922999623163,2024
26395,26396,26423,-1,19618.75,19649.25,-1.1352727272727272,1,0,-30.5,26.865791159513133,2024
26423,26424,26432,1,19655.5,19625.0,-1.125045045045045,1,0,-30.5,27.110025624599615,2024
26524,26525,26532,-1,19673.0,19635.25,1.8749367088607596,2,0,37.75,20.13401296246287,2024
26577,26578,26583,-1,19590.0,19609.5,-1.2254545454545454,1,0,-19.5,15.912462908011872,2024
26702,26703,26717,-1,19785.25,19754.25,1.8351515151515152,2,0,31.0,16.89233817701453,2024
26821,26822,26825,-1,19851.75,19880.75,-1.1110280373831776,1,0,-29.0,26.101951547779272,2024
26971,26972,26985,1,19880.5,19863.5,-1.2657142857142856,1,0,-17.0,13.431151241534991,2024
27091,27092,27102,1,19739.0,19701.0,-1.083076923076923,1,0,-38.0,35.08522727272727,2024
27104,27105,27107,1,19762.75,19706.0,-1.0496803652968036,1,0,-56.75,54.06407690969201,2024
27141,27142,27149,-1,19784.75,19820.75,-1.1127272727272728,1,0,-36.0,32.35294117647059,2024
27283,27284,27284,-1,19922.75,19866.0,1.9155555555555557,2,0,56.75,29.625870069605565,2024
27456,27457,27458,-1,19599.25,19623.0,-1.1381395348837209,1,1,-23.75,20.86738863914998,2024
27491,27492,27541,-1,19504.5,19447.0,1.9085714285714286,2,0,57.5,30.127245508982035,2024
27611,27612,27617,1,19749.0,19784.25,1.8416000000000001,2,0,35.25,19.14096437880104,2024
27845,27846,28017,-1,19929.75,19821.0,1.9641818181818183,2,0,108.75,55.366564843099134,2024
28314,28315,28319,1,20258.75,20231.0,-1.105631067961165,1,0,-27.75,25.098788198103268,2024
28335,28336,28365,-1,20141.5,20087.75,1.8939285714285714,2,0,53.75,28.38016217235527,2024
28654,28655,28663,-1,20239.0,20276.25,-1.092661870503597,1,1,-37.25,34.09105873057677,2024
28738,28739,28743,-1,19901.5,19991.5,-1.0368,1,0,-90.0,86.80555555555556,2024
28787,28788,28792,1,19939.25,19985.25,1.8866666666666667,2,0,46.0,24.381625441696112,2024
28800,28801,28833,1,20006.5,19972.5,-1.11104,1,0,-34.0,30.601958525345623,2024
29225,29226,29238,1,20046.5,19958.25,-1.031536231884058,1,0,-88.25,85.55201191412836,2024
29243,29244,29245,1,19994.5,19953.5,-1.0697435897435896,1,0,-41.0,38.326941514860984,2024
29388,29389,29399,-1,19949.0,19976.0,-1.1314285714285715,1,0,-27.0,23.863636363636363,2024
29409,29410,29411,1,20003.75,19976.0,-1.116470588235294,1,0,-27.75,24.855110642781877,2024
29529,29530,29578,-1,20249.25,20293.0,-1.078060606060606,1,0,-43.75,40.58213402293681,2024
29667,29668,29673,1,20250.0,20228.5,-1.1694736842105262,1,0,-21.5,18.384338433843386,2024
29717,29718,29756,1,20221.0,20255.0,1.848888888888889,2,0,34.0,18.389423076923077,2024
29854,29855,29875,1,20195.0,20249.75,1.912566371681416,2,0,54.75,28.626457523598,2024
30226,30227,30232,1,19989.75,19962.75,-1.1314285714285715,1,0,-27.0,23.863636363636363,2024
30266,30267,30270,-1,20094.0,20042.75,1.924952380952381,2,0,51.25,26.62403522659806,2024
30427,30428,30429,-1,19829.75,19860.5,-1.1139823008849556,1,1,-30.75,27.603670162059107,2024
30471,30472,30477,-1,19997.0,20024.25,-1.15340206185567,1,0,-27.25,23.62575974258134,2024
30757,30758,30787,1,19879.75,19848.0,-1.119655172413793,1,0,-31.75,28.356944872189715,2024
31174,31175,31178,1,19639.25,19599.0,-1.078157894736842,1,0,-40.25,37.332194288503786,2024
31196,31197,31197,-1,19381.5,19434.75,-1.0530731707317074,1,0,-53.25,50.56628682601445,2024
31303,31304,31308,-1,19214.75,19178.0,1.8476923076923077,2,0,36.75,19.889675270607825,2024
31387,31388,31394,-1,18807.0,18923.5,-1.2846027397260273,1,0,-116.5,90.68951544105101,2024
31400,31401,31404,1,18967.5,18936.5,-1.1328571428571428,1,0,-31.0,27.364438839848678,2024
31655,31656,31668,1,19320.5,19259.25,-1.0503389830508474,1,0,-61.25,58.31450701952558,2024
31679,31680,31681,-1,19154.0,19177.0,-1.186,1,0,-23.0,19.392917369308602,2024
31700,31701,31713,-1,19135.5,19159.75,-1.1613953488372093,1,0,-24.25,20.880056067280737,2024
31799,31800,31802,1,19477.5,19450.5,-1.155,1,0,-27.0,23.376623376623375,2024
31808,31809,31824,-1,19427.5,19460.0,-1.1073333333333333,1,0,-32.5,29.34978928356412,2024
31864,31865,31890,1,19568.25,19613.5,1.8749473684210527,2,0,45.25,24.134010779249945,2024
32144,32145,32177,1,19217.25,19272.0,1.8957894736842105,2,0,54.75,28.879789006107718,2024
32192,32193,32196,-1,19265.25,19304.25,-1.0882191780821917,1,0,-39.0,35.838368580060425,2024
32598,32599,32663,-1,19850.75,19896.5,-1.0744508670520232,1,0,-45.75,42.57989025177534,2024
33307,33308,33312,1,20383.5,20357.25,-1.135578947368421,1,0,-26.25,23.115962180200224,2024
33417,33418,33419,-1,20428.0,20456.5,-1.1026415094339623,1,0,-28.5,25.84702258726899,2024
33690,33691,33790,1,20502.0,20631.25,1.969808429118774,2,0,129.25,65.61551777795067,2024
33896,33897,33919,-1,20613.75,20558.0,1.8975862068965517,2,0,55.75,29.379429402144286,2024
34022,34023,34040,1,20411.5,20459.75,1.9012,2,0,48.25,25.37870818430465,2024
34319,34320,34323,1,20297.5,20340.0,1.8990909090909092,2,0,42.5,22.379128769746288,2024
34356,34357,34370,1,20412.5,20448.75,1.8457142857142859,2,0,36.25,19.640092879256965,2024
34384,34385,34390,-1,20441.75,20410.0,1.825294117647059,2,0,31.75,17.394456977118917,2024
34419,34420,34440,1,20593.75,20748.5,1.9747435897435897,2,0,154.75,78.36460429786406,2024
34600,34601,34807,1,20734.25,20873.25,1.9683985765124554,2,0,139.0,70.6157795776685,2024
34900,34901,34902,1,21231.25,21165.0,-1.0423346303501946,1,0,-66.25,63.55924294460206,2024
34975,34976,34986,-1,21302.5,21194.25,1.9640182648401827,2,0,108.25,55.1165953687343,2024
35138,35139,35140,1,21441.25,21405.5,-1.0968421052631578,1,0,-35.75,32.59357005758157,2024
35170,35171,35172,1,21463.75,21517.5,1.9283636363636365,2,0,53.75,27.87337356213464,2024
35334,35335,35350,1,21678.25,21662.0,-1.212142857142857,1,0,-16.25,13.40601060695345,2024
35784,35785,35791,-1,21425.5,21369.25,1.9148275862068966,2,0,56.25,29.376012965964343,2024
35807,35808,35820,-1,21400.75,21456.75,-1.0503703703703704,1,0,-56.0,53.314527503526094,2024
35827,35828,35836,-1,21365.25,21317.0,1.8823762376237625,2,0,48.25,25.632495266147696,2024
35995,35996,36000,1,21502.25,21444.25,-1.0485714285714285,1,0,-58.0,55.31335149863761,2024
36049,36050,36075,-1,21401.75,21308.0,1.9482722513089006,2,0,93.75,48.11955820702999,2024
36374,36375,36386,1,21851.0,21882.25,1.8226865671641792,2,0,31.25,17.1450212905339,2024
36695,36696,36698,1,22216.75,22176.0,-1.0701935483870968,1,0,-40.75,38.07722449963829,2024
36871,36872,36875,1,21874.75,21839.0,-1.0968421052631578,1,0,-35.75,32.59357005758157,2024
37067,37068,37135,-1,21999.0,21825.75,1.9717714285714285,2,0,173.25,87.86515388628065,2024
37314,37315,37318,1,21401.5,21378.75,-1.1883544303797469,1,0,-22.75,19.144120153387302,2024
37328,37329,37331,-1,21241.75,21300.0,-1.0577578475336322,1,0,-58.25,55.069314905884355,2024
37347,37348,37359,-1,21274.75,21117.5,1.9751419558359622,2,0,157.25,79.6145307608765,2024
37402,37403,37408,1,21230.25,21196.5,-1.1209756097560974,1,0,-33.75,30.107702349869456,2024
37479,37480,37482,-1,21357.25,21397.25,-1.1005405405405404,1,0,-40.0,36.34577603143419,2024
37894,37895,37903,1,20740.25,20705.0,-1.0899999999999999,1,0,-35.25,32.33944954128441,2024
37947,37948,37959,-1,20560.25,20596.25,-1.1127272727272728,1,0,-36.0,32.35294117647059,2024
38007,38008,38015,-1,20334.75,20402.25,-1.0415267175572518,1,0,-67.5,64.80870712401057,2024
38043,38044,38057,1,20536.0,20596.75,1.9057142857142857,2,0,60.75,31.877811094452774,2024
38150,38151,38152,1,21115.75,21087.0,-1.1444660194174756,1,0,-28.75,25.120885646420092,2024
38154,38155,38155,1,21080.5,21041.0,-1.101917808219178,1,0,-39.5,35.84659373446047,2024
38164,38165,38182,1,21013.75,20943.25,-1.0435164835164834,1,0,-70.5,67.5600252737995,2024
38787,38788,38810,1,20064.5,20118.25,1.8939285714285714,2,0,53.75,28.38016217235527,2024
38897,38898,38900,1,20152.5,20205.75,1.892972972972973,2,0,53.25,28.130354083380926,2024
39041,39042,39044,-1,20485.75,20550.5,-1.0433466135458167,1,0,-64.75,62.05991293722316,2024
39207,39208,39318,1,21004.0,21190.75,1.9790425531914895,2,0,186.75,94.36381228834058,2024
39342,39343,39366,1,21312.5,21354.75,1.8665168539325843,2,0,42.25,22.635745244401637,2024
39459,39460,39462,1,21265.5,21237.75,-1.1388,1,0,-27.75,24.367755532139093,2024
39485,39486,39489,1,21323.25,21261.5,-1.0455230125523012,1,0,-61.75,59.06134944773492,2024
39772,39773,39774,-1,20974.0,21050.75,-1.0363879598662207,1,0,-76.75,74.05527946301795,2024
39826,39827,39834,-1,21029.75,21060.0,-1.1261818181818182,1,0,-30.25,26.860671617694543,2024
40122,40123,40124,-1,20936.0,20964.75,-1.1226666666666667,1,0,-28.75,25.608669833729216,2024
40168,40169,40172,-1,21009.0,21038.0,-1.143076923076923,1,0,-29.0,25.370121130551816,2024
40235,40236,40243,-1,21074.5,21108.25,-1.10304,1,0,-33.75,30.597258485639685,2024
40302,40303,40305,-1,20903.5,20804.0,1.956039603960396,2,0,99.5,50.86809070662078,2024
40402,40403,40418,1,20498.5,20397.25,-1.027405541561713,1,0,-101.25,98.5492056487202,2024
40555,40556,40559,-1,20272.5,20203.75,1.916338028169014,2,0,68.75,35.87571659561958,2024
40637,40638,40651,1,19976.0,20024.75,1.883529411764706,2,0,48.75,25.882261086820737,2024
40763,40764,40770,1,20145.25,20235.75,1.9517391304347826,2,0,90.5,46.36890175985743,2024
40860,40861,40865,1,20314.0,20197.0,-1.0258823529411765,1,0,-117.0,114.04816513761467,2024
40964,40965,40967,-1,20699.0,20745.75,-1.0607821229050278,1,0,-46.75,44.071255529808305,2024
40969,40970,41146,1,20824.0,20726.5,-1.0284816753926702,1,0,-97.5,94.79993891264508,2024
41158,41159,41228,1,20861.0,20992.0,1.9664905660377359,2,0,131.0,66.61613447958244,2024
41255,41256,41260,-1,20833.25,20879.25,-1.0618181818181818,1,0,-46.0,43.32191780821918,2024
41418,41419,41419,-1,21182.25,21209.75,-1.1288,1,0,-27.5,24.362154500354357,2024
41572,41573,41577,-1,21330.0,21289.25,1.8618604651162791,2,0,40.75,21.886709967524357,2024
41726,41727,41740,1,21382.25,21342.25,-1.0931543624161073,1,0,-40.0,36.59135559921415,2024
41802,41803,41819,-1,21371.0,21424.25,-1.058235294117647,1,0,-53.25,50.31962201222902,2024
41930,41931,41943,-1,21514.0,21540.0,-1.1617391304347826,1,0,-26.0,22.380239520958085,2024
41988,41989,41997,-1,21423.5,21487.0,-1.0442276422764227,1,0,-63.5,60.81049517284335,2024
42005,42006,42011,-1,21392.25,21432.0,-1.0937837837837838,1,0,-39.75,36.341734618235726,2024
42082,42083,42086,1,21452.5,21396.0,-1.0499082568807339,1,0,-56.5,53.81422579517652,2024
42090,42091,42097,-1,21356.5,21417.25,-1.0462978723404255,1,0,-60.75,58.06185944363104,2024
42203,42204,42223,1,21152.5,21111.5,-1.0978947368421053,1,0,-41.0,37.34419942473634,2024
42256,42257,42261,-1,21134.5,21191.0,-1.0547465437788017,1,0,-56.5,53.56737154840965,2024
42439,42440,42440,1,21278.25,21334.5,1.9148275862068966,2,0,56.25,29.376012965964343,2024
42631,42632,42727,1,21362.0,21552.25,1.979425587467363,2,0,190.25,96.11374188782779,2024
42861,42862,42867,-1,21643.0,21665.75,-1.1883544303797469,1,0,-22.75,19.144120153387302,2024
42955,42956,42968,-1,21586.25,21620.0,-1.1209756097560974,1,0,-33.75,30.107702349869456,2024
43073,43074,43083,-1,21779.75,21813.25,-1.1038709677419354,1,0,-33.5,30.34774985388662,2024
43128,43129,43149,1,21547.0,21585.75,1.8551219512195123,2,0,38.75,20.888114646331843,2024
43277,43278,43281,1,21752.25,21703.25,-1.0635294117647058,1,0,-49.0,46.073008849557525,2024
43638,43639,43653,-1,21671.75,21616.25,1.9221052631578948,2,0,55.5,28.87458926615553,2024
43744,43745,43747,-1,21568.0,21497.0,1.9387586206896552,2,0,71.0,36.62137165623221,2024
43758,43759,43832,1,21560.25,21644.25,1.9480701754385965,2,0,84.0,43.11959654178674,2024
43850,43851,43853,1,21862.25,21823.0,-1.073020134228188,1,0,-39.25,36.578996747560666,2024
43891,43892,43895,-1,21810.25,21830.75,-1.2125714285714284,1,0,-20.5,16.9062205466541,2024
43972,43973,43986,1,21719.0,21681.75,-1.1086131386861313,1,0,-37.25,33.600539899920996,2024
44027,44028,44039,1,21751.5,21875.75,1.968605577689243,2,0,124.25,63.115741115518496,2024
44232,44233,44237,1,21259.75,21208.75,-1.0609230769230769,1,0,-51.0,48.07134570765662,2024
44281,44282,44304,1,21302.75,21264.5,-1.0825,1,0,-38.25,35.33487297921478,2024
44366,44367,44370,-1,21425.25,21379.5,1.87625,2,0,45.75,24.383744170552966,2024
44399,44400,44405,1,21360.0,21309.5,-1.056082474226804,1,0,-50.5,47.81823506442796,2024
44419,44420,44438,-1,21311.75,21248.5,1.924,2,0,63.25,32.87422037422038,2024
44457,44458,44468,1,21316.0,21355.5,1.8689156626506025,2,0,39.5,21.135250128932437,2024
44845,44846,44853,-1,22474.75,22501.0,-1.135578947368421,1,0,-26.25,23.115962180200224,2024
45057,45058,45110,1,22380.5,22299.0,-1.0407594936708862,1,0,-81.5,78.30819751885186,2024
45285,45286,45298,1,21842.0,21820.5,-1.201081081081081,1,0,-21.5,17.9005400540054,2024
45493,45494,45507,-1,21993.75,22023.0,-1.1203738317757008,1,0,-29.25,26.10735735735736,2024
45529,45530,45536,-1,21756.5,21834.75,-1.035672131147541,1,0,-78.25,75.55479929086995,2024
45573,45574,45577,1,21891.25,21859.25,-1.1282758620689655,1,0,-32.0,28.361858190709047,2024
45584,45585,45590,-1,21814.0,21886.0,-1.0463309352517987,1,0,-72.0,68.8118811881188,2024
45699,45700,45701,1,22061.0,21967.0,-1.0295652173913044,1,0,-94.0,91.30067567567568,2024
45793,45794,46226,-1,22110.5,22280.25,-1.0162146050670642,1,0,-169.75,167.0414882383997,2024
46315,46316,46317,1,22423.0,22395.0,-1.1262745098039215,1,0,-28.0,24.860724233983287,2024
46396,46397,46410,1,22608.75,22654.0,1.8948936170212767,2,0,45.25,23.879968560520997,2024
46519,46520,46523,-1,22734.0,22677.75,1.9314782608695653,2,0,56.25,29.122771474878444,2024
46535,46536,46546,-1,22644.5,22659.75,-1.3036734693877552,1,0,-15.25,11.697714464621164,2024
46624,46625,46631,-1,22828.0,22865.5,-1.0998561151079136,1,0,-37.5,34.09536891679749,2024
47282,47283,47302,1,23193.5,23250.75,1.9001680672268908,2,0,57.25,30.128913851052538,2024
47336,47337,47339,-1,23269.5,23221.25,1.9012,2,0,48.25,25.37870818430465,2024
47344,47345,47349,1,23226.75,23178.75,-1.0591304347826087,1,0,-48.0,45.320197044334975,2024
47495,47496,47503,1,22196.5,22155.75,-1.0985430463576158,1,0,-40.75,37.094586448034725,2024
47527,47528,47528,1,22157.0,22097.75,-1.0475109170305676,1,0,-59.25,56.56265632816408,2024
47591,47592,47606,-1,22612.25,22536.25,1.9302564102564104,2,0,76.0,39.37300743889479,2024
47800,47801,47828,1,22950.5,22882.25,-1.0489733840304183,1,0,-68.25,65.06361461505001,2024
48120,48121,48126,-1,22211.5,22254.0,-1.0941772151898734,1,0,-42.5,38.841971309578895,2025
48224,48225,48227,1,22162.0,22133.25,-1.1444660194174756,1,0,-28.75,25.120885646420092,2025
48264,48265,48324,1,22341.75,22503.0,1.9696932515337424,2,0,161.25,81.86553915156045,2025
48476,48477,48507,1,22303.25,22271.0,-1.1271794871794871,1,0,-32.25,28.611237488626024,2025
48776,48777,48785,1,21720.75,21634.5,-1.0353571428571429,1,0,-86.25,83.30458778889272,2025
48803,48804,48805,-1,21767.75,21821.25,-1.0528155339805825,1,0,-53.5,50.816119513094804,2025
48879,48880,48967,-1,21888.25,22037.75,-1.020169779286927,1,0,-149.5,146.54423512182132,2025
49020,49021,49031,-1,22297.75,22321.75,-1.177142857142857,1,0,-24.0,20.38834951456311,2025
49054,49055,49066,-1,22372.25,22261.75,1.960357142857143,2,0,110.5,56.367280014574604,2025
49143,49144,49146,1,22265.25,22238.75,-1.1341666666666665,1,0,-26.5,23.365172667156504,2025
49225,49226,49246,-1,22504.25,22552.5,-1.0762637362637362,1,0,-48.25,44.83101899121912,2025
49580,49581,49607,1,22917.75,22976.5,1.9183471074380165,2,0,58.75,30.62532310873686,2025
49895,49896,49899,1,22453.0,22382.25,-1.0395636363636362,1,0,-70.75,68.05740170700994,2025
49912,49913,49984,1,22522.75,22381.75,-1.0214054054054054,1,0,-141.0,138.04508890770535,2025
50057,50058,50065,1,22717.0,22686.0,-1.1129824561403507,1,0,-31.0,27.853089533417407,2025
50165,50166,50167,-1,22077.5,22197.25,-1.023099787685775,1,0,-119.75,117.0462563293766,2025
50426,50427,50432,-1,22691.25,22632.0,1.919016393442623,2,0,59.25,30.875192209123526,2025
50444,50445,50448,1,22741.75,22666.75,-1.0372602739726027,1,0,-75.0,72.30586370839937,2025
50581,50582,50613,1,22596.25,22645.75,1.894368932038835,2,0,49.5,26.130073800738007,2025
50641,50642,50660,1,22775.0,22728.5,-1.0731818181818182,1,0,-46.5,43.329097839898346,2025
50701,50702,50722,-1,22656.0,22703.25,-1.066,1,0,-47.25,44.32457786116323,2025
50758,50759,50761,1,22739.0,22713.5,-1.1653333333333333,1,0,-25.5,21.882151029748282,2025
50947,50948,50987,1,23032.25,22999.75,-1.1166386554621848,1,0,-32.5,29.105207706201085,2025
51002,51003,51045,1,23059.5,23172.25,1.9568558951965065,2,0,112.75,57.61793715968937,2025
51151,51152,51163,-1,23183.5,23208.75,-1.1415384615384614,1,0,-25.25,22.119272237196768,2025
51222,51223,51247,-1,23180.5,23138.0,1.877752808988764,2,0,42.5,22.633437051220678,2025
51263,51264,51264,-1,23092.5,23128.0,-1.0811940298507463,1,0,-35.5,32.83406957482054,2025
51423,51424,51428,-1,23043.5,23068.75,-1.1542222222222223,1,0,-25.25,21.876203311513283,2025
51530,51531,51533,1,22698.5,22665.75,-1.1064462809917355,1,0,-32.75,29.599268001195103,2025
51730,51731,51743,1,22231.0,22122.25,-1.025480093676815,1,0,-108.75,106.04788983283092,2025
51997,51998,52008,1,21959.0,21925.0,-1.093543307086614,1,1,-34.0,31.091589861751157,2025
52021,52022,52030,-1,21728.0,21457.75,1.9854880294659298,2,0,270.25,136.1126312469855,2025
52169,52170,52172,1,21522.25,21438.75,-1.0429721362229103,1,0,-83.5,80.05966516266919,2025
52358,52359,52366,1,21136.25,21064.25,-1.0463309352517987,1,0,-72.0,68.8118811881188,2025
52451,52452,52473,-1,20941.5,20768.5,1.9745558739255014,2,0,173.0,87.61463895983283,2025
52770,52771,52846,1,20236.0,20524.25,1.986390328151986,2,0,288.25,145.11246652523218,2025
52963,52964,53031,-1,20734.25,20525.25,1.9789073634204275,2,0,209.0,105.61383714230844,2025
53141,53142,53142,-1,20488.0,20552.0,-1.0438709677419356,1,0,-64.0,61.310259579728054,2025
53249,53250,53252,1,20619.5,20584.5,-1.11625,1,0,-35.0,31.35498320268757,2025
53274,53275,53284,-1,20575.0,20605.0,-1.1377777777777778,1,0,-30.0,26.3671875,2025
53495,53496,53498,-1,21100.5,21146.75,-1.0614689265536723,1,0,-46.25,43.571694698743876,2025
53543,53544,53567,-1,21201.25,21155.75,1.8854736842105264,2,0,45.5,24.131866904868243,2025
53728,53729,53731,-1,20668.5,20701.25,-1.1250420168067226,1,0,-32.75,29.110023902001796,2025
53792,53793,53799,1,20193.75,20150.5,-1.065939393939394,1,0,-43.25,40.57453945872186,2025
53904,53905,53934,-1,20058.75,20111.0,-1.075532994923858,1,0,-52.25,48.58056447045497,2025
53978,53979,53986,-1,20210.25,20278.75,-1.0409022556390977,1,0,-68.5,65.80829240104016,2025
54033,54034,54040,1,20264.0,20216.75,-1.0719553072625698,1,0,-47.25,44.078330206378986,2025
54143,54144,54147,-1,19606.25,19705.25,-1.0306976744186047,1,0,-99.0,96.0514440433213,2025
54471,54472,54481,1,17709.75,17581.75,-1.02976,1,0,-128.0,124.30080795525171,2025
54482,54483,54489,-1,17467.25,17666.75,-1.0189312977099236,1,0,-199.5,195.79337728498652,2025
54514,54515,54515,-1,17614.75,17727.0,-1.0293394077448748,1,0,-112.25,109.05052226254757,2025
54727,54728,54736,1,19567.75,19831.5,1.981393596986817,2,0,263.75,133.11338060297305,2025
54903,54904,54922,-1,19726.5,19591.75,1.963809523809524,2,0,134.75,68.6166343355965,2025
54959,54960,54963,-1,19262.75,19322.0,-1.0614159292035399,1,0,-59.25,55.821660830415205,2025
55332,55333,55337,1,19486.0,19567.0,1.9344578313253011,2,0,81.0,41.87219730941704,2025
55420,55421,55423,1,19484.0,19419.75,-1.060734693877551,1,0,-64.25,60.5712251808527,2025
55425,55426,55435,-1,19367.0,19420.5,-1.0683743842364533,1,0,-53.5,50.07607893766138,2025
55443,55444,55449,1,19520.0,19618.0,1.9553768844221107,2,0,98.0,50.118215460526315,2025
55769,55770,55795,-1,20247.75,20283.75,-1.1127272727272728,1,0,-36.0,32.35294117647059,2025
55836,55837,55847,1,20175.75,20432.75,1.982823984526112,2,0,257.0,129.61311846417982,2025
55857,55858,55908,1,20637.25,20739.75,1.9479425837320574,2,0,102.5,52.61962075063863,2025
56021,56022,56027,-1,20906.75,20969.0,-1.0451452282157676,1,0,-62.25,59.56110052405908,2025
56050,56051,56092,-1,20769.0,20677.0,1.942127659574468,2,0,92.0,47.370727432077125,2025
56140,56141,56171,-1,20682.75,20588.25,1.9436269430051814,2,0,94.5,48.620441458733204,2025
56209,56210,56212,-1,20545.75,20622.75,-1.0362666666666667,1,0,-77.0,74.30519814719506,2025
56415,56416,56427,-1,20840.25,20884.5,-1.0901818181818181,1,0,-44.25,40.58955970647098,2025
56440,56441,56463,1,20906.75,20865.0,-1.088974358974359,1,1,-41.75,38.338827407581825,2025
56539,56540,56859,1,21590.0,22237.75,1.9923941493456505,2,0,647.75,325.11137427939974,2025
56999,57000,57002,1,21968.25,21930.75,-1.1078260869565217,1,0,-37.5,33.85007849293564,2025
57287,57288,57292,1,21931.25,21888.0,-1.0790184049079754,1,0,-43.25,40.0827268592222,2025
57539,57540,57547,1,21909.25,21981.5,1.920268456375839,2,0,72.25,37.624947574444285,2025
57568,57569,57571,-1,21961.25,22015.75,-1.061923076923077,1,0,-54.5,51.32198478812025,2025
57826,57827,57845,1,22081.5,22030.25,-1.0715463917525774,1,0,-51.25,47.82807388878199,2025
57869,57870,57876,1,21958.0,22117.75,1.975527950310559,2,0,159.75,80.86445953593662,2025
57940,57941,57944,1,22002.25,22106.75,1.9581132075471699,2,0,104.5,53.367700905762185,2025
57968,57969,57970,-1,22206.75,22247.25,-1.0776470588235294,1,0,-40.5,37.58187772925764,2025
58009,58010,58012,1,22183.0,22148.75,-1.11904,1,0,-34.25,30.606591364026308,2025
58233,58234,58236,-1,22577.75,22463.5,1.965887445887446,2,0,114.25,58.11624680701136,2025
58410,58411,58453,1,22534.25,22639.0,1.9536150234741785,2,0,104.75,53.618547534365085,2025
58494,58495,58510,1,22565.25,22524.75,-1.0776470588235294,1,0,-40.5,37.58187772925764,2025
58585,58586,58588,-1,22613.0,22646.0,-1.1055737704918032,1,0,-33.0,29.84875444839858,2025
58674,58675,58677,-1,22482.5,22535.25,-1.0640796019900498,1,0,-52.75,49.5733588928371,2025
58795,58796,58801,-1,22480.5,22346.25,1.9709225092250924,2,0,134.25,68.1153111660301,2025
59310,59311,59316,-1,22354.75,22275.5,1.9390123456790125,2,0,79.25,40.87132306125047,2025
59378,59379,59382,-1,22717.75,22748.75,-1.1328571428571428,1,0,-31.0,27.364438839848678,2025
59398,59399,59402,1,22818.75,22788.5,-1.116036036036036,1,0,-30.25,27.104859541491766,2025
59546,59547,59575,1,22964.0,23028.25,1.9106766917293234,2,0,64.25,33.62682984416811,2025
59821,59822,59826,-1,23353.0,23379.75,-1.1566315789473685,1,0,-26.75,23.127502730251184,2025
59845,59846,59874,-1,23348.25,23304.75,1.8804395604395605,2,0,43.5,23.13288920056101,2025
59927,59928,59930,-1,23176.0,23217.0,-1.0978947368421053,1,0,-41.0,37.34419942473634,2025
59953,59954,59967,-1,23200.75,23134.0,1.9278832116788323,2,0,66.75,34.62346660608814,2025
60406,60407,60408,1,23461.5,23540.5,1.9448447204968944,2,0,79.0,40.620209504343386,2025
60772,60773,60776,-1,23657.75,23679.0,-1.1717333333333333,1,0,-21.25,18.135525716886665,2025
60879,60880,60880,1,23536.0,23453.75,-1.0338940809968846,1,0,-82.25,79.55360371218514,2025
60982,60983,60984,1,23765.5,23741.25,-1.122247191011236,1,0,-24.25,21.608430116139367,2025
61056,61057,61060,1,23772.5,23747.0,-1.127741935483871,1,0,-25.5,22.611556064073227,2025
61060,61061,61130,-1,23740.5,23796.75,-1.055,1,0,-56.25,53.3175355450237,2025
61525,61526,61555,1,23908.0,24033.75,1.9612549019607843,2,0,125.75,64.11711189314565,2025
61581,61582,61591,1,24055.5,24037.5,-1.248,1,0,-18.0,14.423076923076923,2025
61776,61777,61794,-1,23983.75,24008.0,-1.1613953488372093,1,0,-24.25,20.880056067280737,2025
62006,62007,62008,-1,23315.25,23374.25,-1.047719298245614,1,0,-59.0,56.31279303415941,2025
62022,62023,62056,1,23400.5,23502.75,1.9431578947368422,2,0,102.25,52.62053087757313,2025
62235,62236,62251,1,23672.5,23644.5,-1.1374257425742573,1,0,-28.0,24.616991643454043,2025
62300,62301,62347,1,23970.5,24105.0,1.9601465201465202,2,0,134.5,68.61731947974286,2025
62360,62361,62361,-1,24078.25,24116.25,-1.0755555555555556,1,0,-38.0,35.33057851239669,2025
62448,62449,62454,-1,24033.5,24077.0,-1.072,1,0,-43.5,40.57835820895522,2025
62587,62588,62606,1,24162.0,24122.5,-1.101917808219178,1,0,-39.5,35.84659373446047,2025
62641,62642,62646,-1,24141.0,24294.25,-1.0179834710743803,1,0,-153.25,150.54271936091445,2025
62663,62664,62708,1,24424.0,24480.25,1.9148275862068966,2,0,56.25,29.376012965964343,2025
62717,62718,62733,1,24498.25,24542.75,1.9034782608695653,2,0,44.5,23.378254910918226,2025
62751,62752,62753,1,24446.5,24417.5,-1.1007407407407408,1,0,-29.0,26.345895020188426,2025
62766,62767,62776,1,24439.0,24417.75,-1.2038356164383561,1,0,-21.25,17.651911697769687,2025
62891,62892,62896,1,24452.25,24423.0,-1.1417142857142857,1,0,-29.25,25.61936936936937,2025
62919,62920,63108,-1,24323.0,24130.75,1.9796382428940569,2,0,192.25,97.11370281418054,2025
63237,63238,63244,-1,23791.5,23824.0,-1.1261016949152542,1,0,-32.5,28.86062612883805,2025
63292,63293,63293,-1,23663.75,23768.5,-1.02647201946472,1,0,-104.75,102.04856831326444,2025
63312,63313,63354,1,23735.0,23669.75,-1.0513147410358565,1,0,-65.25,62.065143246930425,2025
63366,63367,63370,-1,23725.25,23754.25,-1.1215094339622642,1,0,-29.0,25.85800807537012,2025
63479,63480,63503,1,24055.25,23992.75,-1.0492946058091286,1,0,-62.5,59.56382473900665,2025
63825,63826,63830,-1,24190.5,24138.0,1.900183486238532,2,0,52.5,27.62891077636153,2025
63837,63838,63845,-1,24122.5,24151.0,-1.1238461538461537,1,0,-28.5,25.35934291581109,2025
63849,63850,63864,-1,24076.0,23897.25,1.9781111111111112,2,0,178.75,90.36398359826995,2025
63920,63921,63934,1,23982.0,23947.5,-1.100625,1,0,-34.5,31.345826235093696,2025
64330,64331,64390,1,24199.25,24285.25,1.9381818181818182,2,0,86.0,44.371482176360225,2025
64473,64474,64488,-1,24325.5,24268.0,1.9247457627118645,2,0,57.5,29.874075378654453,2025
64572,64573,64573,-1,24422.0,24456.25,-1.1014173228346456,1,0,-34.25,31.096296825850732,2025
64645,64646,64666,1,24424.25,24396.75,-1.1402020202020202,1,0,-27.5,24.118532955350815,2025
64668,64669,64670,1,24464.75,24428.25,-1.0867153284671534,1,0,-36.5,33.58745298226759,2025
64724,64725,64741,1,24509.75,24488.25,-1.1850666666666667,1,0,-21.5,18.142439243924393,2025
64765,64766,64832,1,24560.75,24654.0,1.948,2,0,93.25,47.869609856262834,2025
64962,64963,65005,1,24795.25,24764.75,-1.115,1,0,-30.5,27.3542600896861,2025
65056,65057,65060,1,24665.25,24638.25,-1.1088,1,1,-27.0,24.350649350649352,2025
65112,65113,65130,1,24933.5,25018.25,1.9428901734104047,2,0,84.75,43.6205819350232,2025
65158,65159,65226,-1,24967.0,25014.25,-1.066,1,0,-47.25,44.32457786116323,2025
65266,65267,65270,1,25116.75,25095.25,-1.201081081081081,1,0,-21.5,17.9005400540054,2025
65343,65344,65345,1,25283.75,25258.5,-1.116989247311828,1,0,-25.25,22.60541008856373,2025
66189,66190,66240,1,25299.75,25401.25,1.9474396135265701,2,0,101.5,52.11971621353443,2025
66331,66332,66334,1,25453.25,25428.0,-1.1415384615384614,1,0,-25.25,22.119272237196768,2025
66831,66832,66833,1,25183.75,25142.75,-1.0697435897435896,1,0,-41.0,38.326941514860984,2025
66980,66981,66999,1,25308.75,25393.75,1.948670520231214,2,0,85.0,43.61948267679164,2025
67028,67029,67038,-1,25024.75,25087.25,-1.0625210084033614,1,0,-62.5,58.82236633976589,2025
67082,67083,67088,1,25052.75,24961.0,-1.0331843575418995,1,0,-91.75,88.80312533794744,2025
67459,67460,67461,1,25280.5,25388.75,1.9640182648401827,2,0,108.25,55.1165953687343,2025
67472,67473,67513,1,25492.75,25584.0,1.9468817204301077,2,0,91.25,46.869822158400524,2025
67645,67646,67646,-1,26065.75,26102.0,-1.0794160583941605,1,0,-36.25,33.5829726805518,2025
67748,67749,67751,1,26321.0,26391.75,1.9452777777777779,2,0,70.75,36.37012708839069,2025
67812,67813,67833,-1,26517.25,26562.5,-1.0690697674418603,1,0,-45.25,42.32651729388732,2025
67849,67850,67850,1,26529.25,26491.75,-1.0766197183098591,1,0,-37.5,34.83124018838305,2025
67908,67909,67917,-1,26470.5,26540.75,-1.0475276752767528,1,0,-70.25,67.0626673242215,2025
68128,68129,68137,-1,26374.25,26422.5,-1.0645652173913043,1,0,-48.25,45.32366755156218,2025
68288,68289,68298,1,25785.25,25897.25,1.9608810572687225,2,0,112.0,57.11718188353702,2025
68330,68331,68332,1,26022.5,25973.5,-1.0808695652173912,1,0,-49.0,45.33386967015286,2025
68394,68395,68483,-1,25588.5,25190.75,1.990125313283208,2,0,397.75,199.8617862630028,2025
68561,68562,68572,-1,25776.0,25815.25,-1.0876190476190475,1,0,-39.25,36.088003502626975,2025
69156,69157,69191,-1,24952.75,24747.5,1.9761352657004831,2,0,205.25,103.86434752847993,2025
69359,69360,69363,1,24470.75,24415.25,-1.0708571428571427,1,0,-55.5,51.82764140875134,2025
69415,69416,69421,-1,24324.75,24491.0,-1.0165601217656013,1,0,-166.25,163.5417290531233,2025
69478,69479,69480,1,24766.0,24719.75,-1.0860115606936416,1,0,-46.25,42.5870236321056,2025
69838,69839,69843,-1,25697.75,25573.5,1.9530434782608697,2,0,124.25,63.6186553873553,2025
69859,69860,69865,-1,25477.25,25518.75,-1.0966233766233766,1,0,-41.5,37.84343912837518,2025
69878,69879,69883,-1,25534.0,25584.5,-1.0670833333333334,1,0,-50.5,47.32526356891839,2025
69899,69900,70244,1,25642.0,26000.75,1.9862968099861302,2,0,358.75,180.61248359076058,2025
70415,70416,70422,-1,25939.0,25905.25,1.835,2,0,33.75,18.392370572207085,2025
70451,70452,70456,-1,25887.75,25827.25,1.9283870967741936,2,0,60.5,31.37336901973904,2025
70543,70544,70549,1,25926.0,25895.5,-1.1051327433628317,1,0,-30.5,27.598494554772586,2025
70570,70571,70592,1,26097.25,25880.5,-1.0150291715285882,1,0,-216.75,213.54066078079734,2025
70640,70641,70642,1,25938.25,25889.5,-1.0638709677419356,1,0,-48.75,45.82322619769557,2025
