family,mkt_res_n,mkt_res_R,mkt_res_Rk,mkt_res_hold,mkt_res_fill,mkt_lk_n,mkt_lk_R,mkt_lk_Rk,mkt_lk_hold,mkt_lk_fill,lim_res_n,lim_res_R,lim_res_Rk,lim_res_hold,lim_res_fill,lim_lk_n,lim_lk_R,lim_lk_Rk,lim_lk_hold,lim_lk_fill,delta_res,immed_res,delta_lk,immed_lk
bar.closehi,15469,0.011877926218398187,-0.04311503619904225,207.1660094382313,1.0,8725,0.05693940223739784,-0.026658562652061596,208.14945558739254,1.0,2190,0.1007461314340087,-0.05219827504248243,190.2470319634703,0.14157346951968452,1196,-0.03833617795407709,-0.0349659072221565,189.48829431438128,0.13707736389684813,0.08886820521561052,-0.04311503619904225,-0.09527558019147492,-0.026658562652061596
bar.closelo,13180,-0.02936337539998099,-0.04980363195525488,199.38156297420335,1.0,7162,0.017963057853392483,-0.03550247300748532,199.60234571348786,1.0,2291,-0.0036525442010205376,-0.08218245487552049,178.54517677869927,0.1738239757207891,1237,0.05390626771897534,-0.05840510156496564,172.7914308811641,0.17271711812342921,0.025710831198960452,-0.04980363195525488,0.03594320986558286,-0.03550247300748532
bar.narrow,10565,0.057762535745487904,-0.04002436044606774,254.64183625177472,1.0,5489,0.13722978806968839,-0.014556540257629437,236.1519402441246,1.0,988,-0.08597716825230582,-0.0771544063568818,204.08603238866397,0.09351632749645054,563,-0.14078582877458182,-0.08681652712203348,184.97158081705152,0.10256877391145929,-0.14373970399779373,-0.04002436044606774,-0.27801561684427023,-0.014556540257629437
bar.wide,5911,-0.03336030590515057,-0.04886217476210855,185.88512941972593,1.0,3100,0.025504355352688413,0.0021103383832807125,199.17322580645163,1.0,1648,0.07917816743608633,-0.022147888591269618,180.11711165048544,0.2788022331246828,881,0.11210703079425749,-0.019578377687854583,187.98637911464246,0.28419354838709676,0.1125384733412369,-0.04886217476210855,0.08660267544156908,0.0021103383832807125
bb.lower,7377,-0.025974106952259615,-0.04295202109656941,190.87488138809815,1.0,4155,0.004054732021493271,-0.018385016241262403,194.17737665463298,1.0,1673,-0.11990024667312368,-0.08112761847390369,167.32098027495516,0.2267859563508201,1011,-0.09660334857277936,-0.05255965052000285,165.97230464886252,0.24332129963898916,-0.09392613972086407,-0.04295202109656941,-0.10065808059427263,-0.018385016241262403
bb.upper,7515,0.08771980830184227,-0.02988296836348999,202.1946773120426,1.0,3904,0.08790704287104849,-0.002625815671818144,213.55968237704917,1.0,1153,0.02665947700441753,-0.052349659181579015,183.7302688638335,0.15342648037258816,600,0.12803111108639542,-0.0028309276342422447,200.54833333333335,0.15368852459016394,-0.06106033129742474,-0.02988296836348999,0.040124068215346934,-0.002625815671818144
don.break10,24332,0.04885888876177643,-0.03964101987328393,205.04204339963835,1.0,13420,0.08862287801552493,-0.02887426588215846,206.45774962742175,1.0,3634,0.04623544633018237,-0.03338177666880127,183.82883874518436,0.14935064935064934,1950,0.10998736638265785,-0.062303382384591946,187.69076923076923,0.1453055141579732,-0.0026234424315940627,-0.03964101987328393,0.021364488367132922,-0.02887426588215846
don.break100,8119,0.17064435986596116,-0.03192308419635047,208.81992856263088,1.0,4534,0.11427961171385871,-0.03179264819943153,211.01830613145125,1.0,1321,0.13707676130200713,-0.026531019029899128,188.99394398183193,0.16270476659687153,698,0.25333880614825,-0.01935503004086899,205.34527220630372,0.15394794883105425,-0.033567598563954026,-0.03192308419635047,0.1390591944343913,-0.03179264819943153
don.break20,17230,0.05785441519575492,-0.044175688315339315,202.57295414973882,1.0,9509,0.08893312103420632,-0.024585024555678566,207.51498580292355,1.0,2662,0.0452634227490982,-0.03432059623465113,187.40270473328326,0.15449796865931514,1440,0.21889469869603767,-0.019930572822689206,197.5861111111111,0.15143548217478178,-0.01259099244665672,-0.044175688315339315,0.12996157766183136,-0.024585024555678566
don.break200,5679,0.16607677840057292,-0.010182074843297188,223.36819862651876,1.0,3161,0.15741287468853063,-0.001586914957694257,224.56627649478014,1.0,906,0.07892479253567199,-0.038348450612565914,191.7869757174393,0.1595351294241944,481,0.20359540974130602,0.023232695584583768,215.97920997920997,0.15216703574818097,-0.08715198586490093,-0.010182074843297188,0.04618253505277539,-0.001586914957694257
don.break30,14153,0.07456182249932014,-0.04318188395730767,202.57909983749028,1.0,7739,0.0712305173120699,-0.019589881375425115,208.30326915622175,1.0,2240,0.08652657557405775,-0.025955177809085288,188.76875,0.15827033137850632,1188,0.2254013482976118,-0.01700596879892924,200.12794612794613,0.15350820519446956,0.011964753074737614,-0.04318188395730767,0.1541708309855419,-0.019589881375425115
don.break55,10476,0.12276792079316,-0.04121187123868521,206.3491790759832,1.0,5825,0.09145149299592208,-0.021633053216798627,210.91450643776824,1.0,1699,0.08231093305980314,-0.03943918134161611,186.32901706886403,0.16218022145857197,895,0.3062885787371621,-0.0014972828218175664,209.35307262569833,0.1536480686695279,-0.04045698773335686,-0.04121187123868521,0.21483708574124,-0.021633053216798627
don.low10,20416,0.017873595876291896,-0.03783967425750418,198.10952194357367,1.0,11329,-0.0023586955905565373,-0.021761600921701464,193.06655485921087,1.0,3978,-0.014796538466505466,-0.05912605181987901,172.05857214680745,0.19484717868338558,2398,-0.06529113712866258,-0.04024894988091705,171.4624687239366,0.21166916762291466,-0.03267013434279736,-0.03783967425750418,-0.06293244153810604,-0.021761600921701464
don.low100,5818,0.017808139256136366,-0.03277320226763762,207.38982468202133,1.0,3086,-0.038456026149613555,-0.03320531989085317,198.14322747893715,1.0,1141,-0.03265268932313262,-0.05682079755529824,175.19894829097282,0.1961155036094878,722,-0.07544476744224887,-0.035039260595261176,177.33518005540165,0.2339598185353208,-0.05046082857926899,-0.03277320226763762,-0.03698874129263532,-0.03320531989085317
don.low20,13733,0.0136647892427973,-0.042150197801601647,196.91225515182407,1.0,7497,-0.034604604414897655,-0.01456604394326701,192.82232893157263,1.0,2747,-0.0348618097815119,-0.0660478701720145,169.5879140880961,0.20002912692055633,1659,-0.07990902960792394,-0.0272902826573046,171.44544906570223,0.22128851540616246,-0.0485265990243092,-0.042150197801601647,-0.045304425193026285,-0.01456604394326701
don.low200,3763,0.05927711750166598,-0.0074050299512876385,229.92612277438215,1.0,2004,0.0029607924572985157,-0.038582206052364766,208.1806387225549,1.0,674,0.028263135118206904,-0.02887244397319555,194.0608308605341,0.17911241031092215,454,-0.03234393669020038,-0.044298379772122684,181.27092511013217,0.22654690618762474,-0.031013982383459072,-0.0074050299512876385,-0.035304729147498895,-0.038582206052364766
don.low30,10982,0.02788125398561813,-0.038775244987577444,199.35995264979056,1.0,5977,-0.01800340897905727,-0.024023005712285706,193.2615024259662,1.0,2246,-0.04975139322852042,-0.06112832920470998,167.92564559216385,0.2045164815152067,1334,-0.05260722837800255,-0.034371834578486256,171.54122938530733,0.22318889074786682,-0.07763264721413855,-0.038775244987577444,-0.03460381939894528,-0.024023005712285706
don.low55,7812,0.03462106078481731,-0.030963690050726037,202.7878904249872,1.0,4303,-0.03170767952320318,-0.03405520868136779,194.25702997908436,1.0,1603,-0.012517450259531285,-0.04920052559854006,172.7442295695571,0.20519713261648745,994,-0.06391534854017196,-0.05355460805692246,171.03621730382295,0.23100162677201952,-0.047138511044348595,-0.030963690050726037,-0.03220766901696878,-0.03405520868136779
ema.above20,9235,-0.017913985017171338,-0.041186481808145436,202.28413643746617,1.0,4925,0.08783998050981576,-0.011079872807311547,206.90456852791877,1.0,1398,0.044904628264940655,-0.03806894694540352,187.23319027181688,0.15138061721710883,748,-0.05011564326308296,-0.02854775042966551,188.97459893048128,0.1518781725888325,0.062818613282112,-0.041186481808145436,-0.13795562377289872,-0.011079872807311547
ema.above200,2541,0.1004931091660773,-0.004354027497309249,215.52184179456907,1.0,1409,0.1609831920279389,-0.027425319223557117,206.52022711142655,1.0,403,-0.05869051618045742,-0.04129558571706715,176.2059553349876,0.15859897678079496,212,-0.01239961860347777,-0.028907666260738873,183.3490566037736,0.15046132008516677,-0.1591836253465347,-0.004354027497309249,-0.17338281063141667,-0.027425319223557117
ema.above50,5656,0.008291594773410555,-0.04003833690115244,202.36598302687412,1.0,3000,0.03156775026782309,-0.0246626957980691,200.908,1.0,895,0.005935405279219893,-0.06359056525891812,184.55977653631285,0.15823903818953325,451,-0.21898535363420388,-0.04049035046997557,176.42128603104211,0.15033333333333335,-0.002356189494190662,-0.04003833690115244,-0.25055310390202695,-0.0246626957980691
ema.below20,9240,-0.01048212507432833,-0.03610558434587269,198.9280303030303,1.0,4923,0.08769752565074927,-0.027365746587452625,197.20495632744263,1.0,1582,0.12306066889700872,-0.043163561219308304,186.59228824273072,0.1712121212121212,915,0.03447981726202892,-0.07851529916064316,168.79234972677597,0.1858622790981109,0.13354279397133706,-0.03610558434587269,-0.05321770838872035,-0.027365746587452625
ema.below200,2544,0.09091780512501621,-0.0028286732237921934,211.46737421383648,1.0,1408,0.17184183845748652,-0.041313939668683575,193.2990056818182,1.0,497,0.008287304990752871,-0.017809643991731884,188.72233400402413,0.19536163522012578,282,0.14383877876299747,-0.05764083657462421,171.96453900709218,0.2002840909090909,-0.08263050013426335,-0.0028286732237921934,-0.028003059694489046,-0.041313939668683575
ema.below50,5657,0.005017208533423084,-0.03759164034265503,197.5773378115609,1.0,2999,0.0025414139453585113,-0.04302497193020967,191.37945981993997,1.0,1106,0.04437490451680062,-0.03055068230559094,176.91500904159133,0.19550998762595015,617,0.09486690091678042,0.009064332996853657,179.43435980551052,0.20573524508169388,0.03935769598337754,-0.03759164034265503,0.09232548697142191,-0.04302497193020967
gap.up,107,0.10148072238108333,-0.07806416762211878,299.0093457943925,1.0,77,0.14188719549616144,0.01599889901046759,284.23376623376623,1.0,20,,,,,18,,,,,,-0.07806416762211878,,0.01599889901046759
null.random0,566,-0.00020973777857349229,-0.11909301049992037,194.98939929328623,1.0,279,0.2657011875222739,-0.005495996400141867,214.98566308243727,1.0,99,0.4947009625851221,0.04890575712800052,202.4949494949495,0.17491166077738515,36,,,,,0.49491070036369555,-0.11909301049992037,,-0.005495996400141867
null.random1,549,-0.10464062486107716,-0.06330549067394471,207.98907103825135,1.0,303,0.24597479168080777,-0.001096604846172281,224.32343234323432,1.0,77,-0.0790348093047228,-0.02529656757310275,166.5974025974026,0.14025500910746813,47,,,,,0.025605815556354355,-0.06330549067394471,,-0.001096604846172281
null.random2,534,-0.0740149361255725,-0.09256231274745103,198.08988764044943,1.0,298,-0.025972685422598094,-0.029274071022418722,189.1006711409396,1.0,71,-0.04145476018568396,0.001765126770166703,193.11267605633802,0.13295880149812733,35,,,,,0.03256017593988854,-0.09256231274745103,,-0.029274071022418722
null.random3,559,0.07592798592465398,-0.03908226125499415,208.44007155635063,1.0,282,0.0355199526793506,-0.05549292069663683,195.75531914893617,1.0,73,0.08471385517657119,-0.016460391610245217,192.13698630136986,0.13059033989266547,46,,,,,0.008785869251917211,-0.03908226125499415,,-0.05549292069663683
roc.dn12,12455,0.05647147013494813,-0.023978847958617332,239.187796065837,1.0,8503,-0.026656747202577314,-0.023152224184811283,216.83782194519583,1.0,2084,0.0462438922115957,-0.03949915719464697,212.6257197696737,0.16732236049779206,1556,-0.016348828746231565,-0.010074261473576292,194.67737789203085,0.18299423732800188,-0.01022757792335243,-0.023978847958617332,0.010307918456345749,-0.023152224184811283
roc.dn192,11841,-0.0617094796275688,-0.054164706958881446,211.62190693353602,1.0,8979,-0.1187777999256733,-0.05598688723647334,195.65820247243568,1.0,1696,-0.08913263713291197,-0.07238320345082759,187.1928066037736,0.1432311460180728,1407,-0.15643004916764638,-0.04344059933270601,175.29921819474058,0.15669896424991647,-0.027423157505343174,-0.054164706958881446,-0.03765224924197308,-0.05598688723647334
roc.dn48,11867,0.03300941700733781,-0.01679734243311472,239.24513356366396,1.0,9003,0.1169180980602798,-0.02506052120075074,224.2620237698545,1.0,1620,0.03636769106494989,-0.04643740290632692,215.2783950617284,0.13651301929721074,1358,-0.0044665736317953085,-0.058654404682368565,194.90648011782034,0.15083860935243806,0.003358274057612083,-0.01679734243311472,-0.1213846716920751,-0.02506052120075074
roc.up12,12635,0.11723390134834069,-0.001419552784818897,250.4444004748714,1.0,8350,0.13281557675746603,0.006542152701865765,247.78035928143711,1.0,1584,0.1045873567664329,-0.0026042934389143334,213.85669191919192,0.12536604669568657,954,0.10480190986687393,-0.0023426700587213414,214.6069182389937,0.11425149700598802,-0.012646544581907795,-0.001419552784818897,-0.028013666890592093,0.006542152701865765
roc.up192,12528,0.06556052141792126,-0.014312763029817618,230.67544699872286,1.0,8389,0.23721541592029793,0.009176287023018481,220.48837763738229,1.0,1716,0.0014462865592265268,-0.013366524076371032,201.12645687645687,0.13697318007662834,1169,0.1270084382410929,0.025817552218829695,198.8443113772455,0.13934914769340803,-0.06411423485869473,-0.014312763029817618,-0.11020697767920504,0.009176287023018481
roc.up48,12558,0.2100353675813497,0.004315750585938668,257.50509635292246,1.0,8370,0.12806895144364294,-0.004863009588351346,245.23237753882916,1.0,1568,0.1466877980614337,-0.021859420111034016,223.9502551020408,0.12486064659977704,1045,0.13083191706232242,0.014756721001634608,225.07177033492823,0.12485065710872162,-0.06334756951991599,0.004315750585938668,0.002762965618679475,-0.004863009588351346
rsi.hi14,7832,0.1902587114675552,-0.02183229145815184,221.90040858018386,1.0,3956,0.10600756638954685,-0.016522978774875813,225.93629929221436,1.0,1139,0.053748514521384905,-0.05823254257161955,188.46971027216856,0.14542900919305413,558,0.1393816880133347,0.040962426703458454,207.5448028673835,0.141051567239636,-0.1365101969461703,-0.02183229145815184,0.03337412162378785,-0.016522978774875813
rsi.hi28,2262,0.23109813075949812,0.03450632316559822,244.75994694960212,1.0,980,0.22614103799002036,-0.002768692281390149,258.8081632653061,1.0,318,0.1370738485185206,-0.03482870914639744,205.41194968553458,0.14058355437665782,135,0.2535345473385226,0.0008297355795578094,229.97037037037038,0.1377551020408163,-0.0940242822409775,0.03450632316559822,0.027393509348502237,-0.002768692281390149
rsi.hi7,18948,0.09983591838989957,-0.036292033227649366,210.1896770107663,1.0,10163,0.08107199766638798,-0.017060407865898797,214.4813539309259,1.0,2642,0.06394644379280977,-0.041229092217916936,187.6218773656321,0.13943424108085287,1416,0.1714732706271956,-0.015446096412679832,197.02401129943502,0.13932893830561843,-0.0358894745970898,-0.036292033227649366,0.09040127296080763,-0.017060407865898797
rsi.lo14,6212,-0.02635403556863677,-0.05907278783480134,200.53976175144882,1.0,3190,-0.0584603264092824,-0.025157787052146233,203.15078369905956,1.0,1306,-0.05203655285251394,-0.09603444303509011,171.7166921898928,0.21023824855119125,745,-0.05426098030980705,-0.01090061535177056,180.63355704697986,0.2335423197492163,-0.02568251728387717,-0.05907278783480134,0.004199346099475351,-0.025157787052146233
rsi.lo28,1719,0.01323271248792457,-0.08685968941596715,206.70040721349622,1.0,940,0.0017602742387891686,-0.04697106405645828,228.60851063829787,1.0,338,-0.14209930328878723,-0.1373265356375419,173.16863905325442,0.1966259453170448,214,-0.0013349419185352232,-0.02950357008942723,193.21028037383178,0.2276595744680851,-0.1553320157767118,-0.08685968941596715,-0.003095216157324392,-0.04697106405645828
rsi.lo7,15161,-0.0412456126790967,-0.049821043290286776,197.5535914517512,1.0,8183,-0.04048379211784707,-0.02388220518028659,194.86630819992666,1.0,3057,-0.08267797745568758,-0.08381390296107977,170.6614327772326,0.20163577600422136,1790,-0.08643236630470047,-0.00902610116181794,174.4240223463687,0.21874618110717342,-0.04143236477659088,-0.049821043290286776,-0.0459485741868534,-0.02388220518028659
shock.dn2.0,4565,0.04876065102692022,-0.018773512710881384,228.53121577217962,1.0,2316,0.028049647078936545,-0.005700316542123583,229.70768566493956,1.0,1037,0.031976855311774605,-0.02630302074834094,205.02121504339442,0.22716319824753559,535,0.000160347349982781,-0.014381408034791912,198.45607476635513,0.23100172711571676,-0.016783795715145614,-0.018773512710881384,-0.027889299728953765,-0.005700316542123583
shock.dn3.0,1835,0.056921417972369624,-0.0022125733714587776,235.31226158038146,1.0,928,0.05109881529093036,-3.550574269876537e-05,227.07327586206895,1.0,455,0.06131499324352257,0.023642179657300543,211.44175824175824,0.24795640326975477,256,0.13411066584239356,0.021491869934250854,211.3046875,0.27586206896551724,0.004393575271152944,-0.0022125733714587776,0.0830118505514632,-3.550574269876537e-05
shock.up2.0,4286,0.07855990129936309,-0.004755754196257013,241.09869342043865,1.0,2146,0.11459346492610088,0.006046989320328759,253.95526561043803,1.0,690,0.07350431186129831,-0.0069327629124207426,212.8695652173913,0.16098926738217453,359,-0.04228242499976968,-0.008587726128918349,223.84122562674094,0.16728797763280523,-0.005055589438064778,-0.004755754196257013,-0.15687588992587057,0.006046989320328759
shock.up3.0,1519,0.10249130719996723,-0.008968357035207021,241.13956550362082,1.0,748,0.11383310860350074,0.027417550963596007,259.120320855615,1.0,289,0.20034650026716852,-0.027836842696874052,221.65397923875432,0.1902567478604345,138,-0.18735180254626063,0.005508842390218216,219.57246376811594,0.18449197860962566,0.0978551930672013,-0.008968357035207021,-0.30118491114976137,0.027417550963596007
