algn,cfrm,entry,stop_k,tp_r,fill,n,R,usd,net,pf,win,avg_w,avg_l,dd,retdd,sharpe,sortino,p90,p10
True,True,close,1.0,1.5,0.672333643246115,6229,-0.2460337023530845,-4.166026620115516,-25950.17981669955,0.7346487511655274,0.40921496227323806,28.185720750389404,-26.57488641560928,26189.196930700127,-0.9908734462292583,-7.602822774725449,-10.548185990567644,35.649823909312246,-34.77754083423962
True,True,close,1.0,2.0,0.6156196041971045,5704,-0.25795867726893085,-4.503850864316203,-25689.965330059626,0.7444573800307956,0.3381837307152875,38.7978613751055,-26.63073905235447,26066.390972488975,-0.9855589658412384,-6.938318845748433,-10.321189255414504,45.14821030060964,-35.82581268017413
True,True,close,1.5,1.5,0.5189268163102669,4839,-0.16011300089170583,-4.260186473571373,-20615.042345611877,0.8091934287126342,0.4077288696011573,44.311470825316476,-37.69768816607163,21181.75372405983,-0.973245304150419,-4.870362669939023,-7.4175149785769205,55.678050615981626,-49.96944194575801
True,True,close,1.5,2.0,0.4490636206667552,4178,-0.1607773971708098,-4.297105549305494,-17953.30698499835,0.8278636821563239,0.340832934418382,60.63463808599443,-37.871108068066235,19254.217826276497,-0.9324350200555654,-3.7162067685902085,-5.83396584143762,69.87146463188955,-51.76429346444667
True,True,edge,1.0,1.5,0.4646035330057112,4286,-0.2535785794139443,-4.42096231146777,-18948.244466950862,0.7190795272683594,0.4062062529164722,27.858885720118515,-26.503168764509702,18910.667738387932,-1.0019870651360794,-6.864787293773608,-10.898250750072432,35.18457229296444,-34.299617760640395
True,True,edge,1.0,2.0,0.43598087395404433,4033,-0.28194722365932645,-4.957068760776676,-19991.858312212335,0.7213332387295941,0.33077113811058767,38.79253049315677,-26.58062022604056,20025.224950470667,-0.9983337696160288,-6.637133388285433,-10.513729463709112,44.037402020669546,-35.53133104444525
True,True,edge,1.5,1.5,0.38557577367512286,3572,-0.18909898959947014,-4.952690724201355,-17691.011266847243,0.780795838725834,0.3964165733482643,44.50185368106633,-37.43304085307847,17637.166174003505,-1.0030529333517935,-4.897842095398574,-7.735520067815043,55.12458449673621,-49.66244127226812
True,True,edge,1.5,2.0,0.3440695975561163,3215,-0.1937116289192465,-5.109803440928533,-16428.018062585234,0.7970197337833286,0.33032659409020215,60.74015720493603,-37.59129819518222,16742.290439186392,-0.9812288302044035,-4.055776787052793,-6.495615190494084,69.14297463340743,-50.93342670873273
True,False,close,1.0,1.5,0.6797847057178806,6019,-0.2517306175469108,-4.2083841980263985,-25330.264487920893,0.7296142311655399,0.40837348396743645,27.807843627441017,-26.30776302279441,25701.925109565218,-0.9855395803987458,-7.531591666320045,-11.002699362551118,34.87217726046918,-34.428331670585905
True,False,close,1.0,2.0,0.6165245351600727,5445,-0.24892810504122628,-4.080172492223755,-22216.539220158345,0.7636572607673476,0.3426997245179063,38.46989393100966,-26.264699998720975,22658.749517345364,-0.9804839054843469,-6.164350145315196,-9.13842896207604,44.29380311330723,-35.24441809914162
True,False,close,1.5,1.5,0.5203411156158255,4620,-0.1675259856104072,-4.2905608336537275,-19822.391051480223,0.8059936357043722,0.40584415584415584,43.92081628165136,-37.22182935503699,21227.602981773587,-0.9338026092018065,-4.78771169768212,-7.4600157320332725,54.471719465320085,-49.29917120449783
True,False,close,1.5,2.0,0.4591080665455054,4072,-0.15340373114621803,-3.680730562386184,-14987.934850036541,0.8492556451868206,0.3443025540275049,60.226991295238335,-37.23826840672685,17204.73268859111,-0.8711518581149138,-3.1347305320593466,-5.077659023359072,70.53261832201869,-50.54931396960921
True,False,edge,1.0,1.5,0.5163567733817979,4527,-0.2510105952785341,-4.275754563842249,-19356.340910513863,0.7252252549058742,0.4079964656505412,27.660018911998975,-26.28522232872238,19868.22603085716,-0.9742359927077389,-6.946249544732053,-10.253219420771433,34.40002402628278,-34.42909634282725
True,False,edge,1.0,2.0,0.4834335243953586,4250,-0.2692393420268667,-4.613436427093472,-19607.104815147257,0.7357047958262003,0.33576470588235297,38.24756592163138,-26.27927077056863,19870.75522569806,-0.9867317367882508,-6.674882272766229,-10.175189723178967,43.57071729303396,-35.19116321279609
True,False,edge,1.5,1.5,0.4212218649517685,3705,-0.185125789140514,-4.870751398612977,-18046.133931861077,0.7824060761598542,0.39838056680161943,43.9625899007248,-37.2072304285917,18681.575019461918,-0.9659856791015288,-4.820786081594044,-7.047166683850464,53.957615225105535,-49.346333607189
True,False,edge,1.5,2.0,0.3772542988955683,3351,-0.18304487890455937,-4.681443127824462,-15687.515921339773,0.8119765588268087,0.3339301700984781,60.5418360868227,-37.38074843301718,16571.480989084845,-0.9466574491243532,-3.6329643983757403,-5.676374335819655,68.95801535218897,-50.73735414197319
False,True,close,1.0,1.5,0.6131467428796689,18762,-0.2693691439448266,-4.581203658289408,-85952.54303682588,0.708789736805161,0.4011832427246562,27.793776314569026,-26.27114351193475,86349.11019489041,-0.9954073972833134,-15.122997863449172,-19.2245985126393,34.695889529042766,-34.42000700617529
False,True,close,1.0,2.0,0.5339312111954272,16319,-0.2796718392880987,-4.795923237946174,-78264.67132004362,0.7269749579257112,0.3324958637171395,38.40634197284435,-26.31575166296678,78827.35563849646,-0.9928618141012706,-12.989890865000467,-17.705229681102903,43.92385215864751,-35.46042345243943
False,True,close,1.5,1.5,0.3828323642455898,11786,-0.19720494336348132,-5.377670689857809,-63381.226750664144,0.762724657844056,0.39368742575937554,43.9094339613593,-37.380492629634944,63886.109444225716,-0.9920971444660854,-8.936249230551256,-12.240565546882763,53.62009609611021,-50.08383140350299
False,True,close,1.5,2.0,0.3141224007095693,9721,-0.20025502463228437,-5.893349018196962,-57289.245805892664,0.769260668333385,0.3272297088776875,60.042854842538524,-37.96415398471067,57789.56511378337,-0.9913423936154284,-7.948466049781839,-11.584887023321768,67.65562279507111,-52.360327200294996
False,True,edge,1.0,1.5,0.3340691830097566,10026,-0.26807017069564076,-4.456997382792834,-44685.85575988096,0.7112989292908798,0.4025533612607221,27.278637976118134,-25.840140005257716,44692.30950917356,-0.9998555959769482,-10.911623027697159,-15.142823823738697,34.10220630788506,-33.79890312614618
False,True,edge,1.0,2.0,0.3025327683059032,9100,-0.30399988664578115,-5.196406678382576,-47287.300773281444,0.70269415468528,0.3254945054945055,37.733089296159726,-25.91279101800367,47519.29054636626,-0.9951179874443105,-10.511329703119237,-14.326452648546626,42.83624978600099,-34.99952966433368
False,True,edge,1.5,1.5,0.24231792648073322,7327,-0.22055060626271564,-5.393723082309344,-39519.80902408056,0.7581814507317742,0.3856967380919885,43.84562077896899,-36.30916092989268,40358.896055992765,-0.9792093661147698,-7.742943588332888,-11.212087234013161,53.42884332378281,-48.837011735995766
False,True,edge,1.5,2.0,0.20904700896816794,6401,-0.2183874682717803,-5.460423511223472,-34952.17089534144,0.7808874169709213,0.3232307451960631,60.20530635510976,-36.822933920605635,37156.646845854804,-0.9406707510594624,-6.492895535505772,-9.960142401411698,67.2309353899397,-50.85540836923639
False,False,close,1.0,1.5,0.6134873617693523,18797,-0.2706197230111332,-4.615332345800108,-86754.40210400464,0.7065320412755489,0.4012874394850242,27.6897212656751,-26.267813187399316,86974.80451887561,-0.9974659050274366,-16.201201138941677,-20.701961681246317,34.61858836101281,-34.42750733902678
False,False,close,1.0,2.0,0.5282780410742496,16158,-0.26415078793522606,-4.467274886952468,-72182.22762337797,0.743254556032195,0.3378512192102983,38.27824526636138,-26.277518322501614,72417.9256593333,-0.996745308101421,-12.700185969464291,-16.972734013118675,43.869727701187806,-35.16557418208824
False,False,close,1.5,1.5,0.38376777251184835,11801,-0.18338490291574147,-4.757582940022627,-56144.23627520702,0.7869322642922691,0.3994576730785527,43.988105859208844,-37.181341511996266,56619.77666237493,-0.9916011610218181,-8.584605238991164,-12.160431194529332,54.15840176294994,-49.502748802508286
False,False,close,1.5,2.0,0.3097353870458136,9569,-0.18989054841229672,-5.1638395641996535,-49412.78078982649,0.7938120542613823,0.3310690772285505,60.04938170705419,-37.439341046363715,49840.00800912827,-0.9914280266723966,-7.668329190306019,-10.470760068453627,68.06097617719327,-51.350413952978414
False,False,edge,1.0,1.5,0.38722353870458137,11710,-0.26022106813637685,-4.428802153636143,-51861.27321907924,0.7124962980501657,0.4058923996584116,27.040488400683994,-25.92852013619811,51995.53085655252,-0.997417900437565,-12.509316667075737,-16.5708879703805,33.8817207774501,-33.86184697682649
False,False,edge,1.0,2.0,0.3506911532385466,10617,-0.2973859301484744,-5.186134444904466,-55061.18940155071,0.7035795530436406,0.32730526514081193,37.60935034855138,-26.008636497167004,55283.11583291315,-0.9959856381461352,-12.370322385161554,-15.969689901393854,42.53965068120712,-34.91597724021878
False,False,edge,1.5,1.5,0.2773696682464455,8410,-0.21777749865119386,-5.9930512209516165,-50401.5607682031,0.7355939950935423,0.38608799048751485,43.18456584704479,-36.920752677427366,51283.32292539671,-0.9828060642935261,-9.92936078656349,-13.770919826727932,52.180519313850965,-49.44356469136794
False,False,edge,1.5,2.0,0.23785545023696683,7300,-0.21096603360330082,-5.735028976567362,-41865.71152894174,0.770937491092883,0.32493150684931504,59.40307747530453,-37.08802989049595,43035.47352282579,-0.9728186563751038,-7.271614316135792,-10.043857178672516,66.78514876731904,-51.17694078652523
