n,win,pf,R,pts,sharpe,stop_share,flat_share,chan_share,tgt_share,side,N,adx,gate,stop,exN,tp
314,0.3853503184713376,1.1318495358361342,0.10066885752894612,4.100211361580633,0.5670970872935377,0.5318471337579618,0.37261146496815284,0.09554140127388536,0.0,1,20,0,False,1.5,10,0.0
401,0.5685785536159601,0.9269707209747797,-0.0172084083490989,-1.706051982629336,-0.42758120213395895,0.3940149625935162,0.03740648379052369,0.014962593516209476,0.5536159600997507,1,20,0,False,1.5,10,0.75
385,0.522077922077922,1.0097917204758318,0.018844048292220614,0.24676118663076999,0.0555557647085689,0.43116883116883115,0.07792207792207792,0.015584415584415584,0.4753246753246753,1,20,0,False,1.5,10,1.0
314,0.37261146496815284,1.1034993813189373,0.0970831543494733,3.3720334135863244,0.457635586184805,0.5764331210191083,0.42038216560509556,0.0031847133757961785,0.0,1,20,0,False,1.5,20,0.0
401,0.571072319201995,0.931192059678442,-0.015609252873487696,-1.6043932308895148,-0.40038805811199196,0.40399002493765584,0.04239401496259352,0.0,0.5536159600997507,1,20,0,False,1.5,20,0.75
385,0.5246753246753246,1.0140641601891751,0.020483213710527953,0.3537672982251215,0.07933372993113086,0.44155844155844154,0.08311688311688312,0.0,0.4753246753246753,1,20,0,False,1.5,20,1.0
290,0.46206896551724136,1.1268089779632566,0.0683776349017808,4.689355320034233,0.5433008622366449,0.31724137931034485,0.5,0.18275862068965518,0.0,1,20,0,False,2.5,10,0.0
355,0.5605633802816902,1.0072078483361546,0.01446361123995579,0.22402977402156335,0.03784029688670273,0.2535211267605634,0.18873239436619718,0.09577464788732394,0.4619718309859155,1,20,0,False,2.5,10,0.75
340,0.5264705882352941,1.0685315734296783,0.04643569379100103,2.262440602011502,0.34706917049617925,0.27058823529411763,0.25,0.11470588235294117,0.36470588235294116,1,20,0,False,2.5,10,1.0
290,0.4586206896551724,1.070945637682247,0.05489414355422357,2.8531923834897785,0.3144798398315018,0.39655172413793105,0.5862068965517241,0.017241379310344827,0.0,1,20,0,False,2.5,20,0.0
355,0.571830985915493,0.9948352964612169,0.013267658293923975,-0.1660122197079626,-0.026804799133557936,0.30985915492957744,0.2140845070422535,0.005633802816901409,0.4704225352112676,1,20,0,False,2.5,20,0.75
340,0.538235294117647,1.0523433747593653,0.046621304316704776,1.8062857538735737,0.26407924558767304,0.3323529411764706,0.2852941176470588,0.008823529411764706,0.3735294117647059,1,20,0,False,2.5,20,1.0
189,0.3862433862433862,1.2457288296100928,0.1739464709911361,7.411167616128599,0.7721963470494699,0.5238095238095238,0.3968253968253968,0.07936507936507936,0.0,1,20,0,True,1.5,10,0.0
237,0.5822784810126582,1.0061663474999067,0.012514169546140007,0.13405834669549677,0.027169308094369286,0.379746835443038,0.0379746835443038,0.012658227848101266,0.569620253164557,1,20,0,True,1.5,10,0.75
226,0.5309734513274337,1.0802088516043762,0.04877465032833533,1.9142840495269389,0.339256507538412,0.42035398230088494,0.0752212389380531,0.01327433628318584,0.4911504424778761,1,20,0,True,1.5,10,1.0
189,0.3862433862433862,1.2410635308899869,0.1848929538979403,7.493317093644085,0.7651141270164397,0.5661375661375662,0.42857142857142855,0.005291005291005291,0.0,1,20,0,True,1.5,20,0.0
237,0.5822784810126582,1.0045465780937128,0.011832482442046138,0.09900342697322466,0.020014051064848302,0.3881856540084388,0.04219409282700422,0.0,0.569620253164557,1,20,0,True,1.5,20,0.75
226,0.5309734513274337,1.0786338628889935,0.04801472774717595,1.8794352775887906,0.33222405809740446,0.42920353982300885,0.07964601769911504,0.0,0.4911504424778761,1,20,0,True,1.5,20,1.0
176,0.4715909090909091,1.2755606327919335,0.12596323594188438,9.543402423111566,0.8523230313990297,0.3125,0.5397727272727273,0.14772727272727273,0.0,1,20,0,True,2.5,10,0.0
211,0.5639810426540285,1.0532750899738323,0.0364593291184443,1.5733199148242372,0.20977325438721223,0.2559241706161137,0.1943127962085308,0.08056872037914692,0.46919431279620855,1,20,0,True,2.5,10,0.75
203,0.5320197044334976,1.1646007640380973,0.07442514161923318,5.0269286994373505,0.599765276676955,0.270935960591133,0.270935960591133,0.09359605911330049,0.3645320197044335,1,20,0,True,2.5,10,1.0
176,0.4772727272727273,1.2239399965597513,0.11619607317052859,8.437270654920638,0.7212810610686922,0.38636363636363635,0.5909090909090909,0.022727272727272728,0.0,1,20,0,True,2.5,20,0.0
211,0.5734597156398105,1.0370100532708206,0.0338919743059234,1.145994268882958,0.14666571926475563,0.3033175355450237,0.2037914691943128,0.009478672985781991,0.4834123222748815,1,20,0,True,2.5,20,0.75
203,0.541871921182266,1.147498670892908,0.0706108753656641,4.753962751147354,0.5431431274332716,0.3251231527093596,0.28078817733990147,0.014778325123152709,0.3793103448275862,1,20,0,True,2.5,20,1.0
252,0.3888888888888889,1.1548860138791228,0.09779594425789978,4.768986683088378,0.5927919332750579,0.5158730158730159,0.376984126984127,0.10714285714285714,0.0,1,20,20,False,1.5,10,0.0
319,0.5862068965517241,1.0156279164735555,0.015650834342398574,0.3481401332787015,0.0769276173497034,0.3761755485893417,0.04075235109717868,0.012539184952978056,0.5705329153605015,1,20,20,False,1.5,10,0.75
311,0.5305466237942122,1.0855957439483166,0.04351516745571833,2.102700782769473,0.41738014616343366,0.4180064308681672,0.07717041800643087,0.01607717041800643,0.4887459807073955,1,20,20,False,1.5,10,1.0
252,0.38095238095238093,1.1357895460415437,0.10015628360762162,4.370231208717215,0.5326709631280844,0.5634920634920635,0.43253968253968256,0.003968253968253968,0.0,1,20,20,False,1.5,20,0.0
319,0.5893416927899686,1.0261481786180289,0.01885736450933837,0.5783657885320604,0.12774704362921077,0.3824451410658307,0.047021943573667714,0.0,0.5705329153605015,1,20,20,False,1.5,20,0.75
311,0.5337620578778135,1.0948837038171946,0.04640816300337895,2.317508523455231,0.45972855447229866,0.42765273311897106,0.08360128617363344,0.0,0.4887459807073955,1,20,20,False,1.5,20,1.0
236,0.4745762711864407,1.144243098594854,0.07768098361263731,5.31059646984831,0.5561721980094597,0.3050847457627119,0.5,0.19491525423728814,0.0,1,20,20,False,2.5,10,0.0
289,0.5709342560553633,1.0758538850339125,0.03961179923175206,2.3248697928177124,0.34679495363966034,0.2422145328719723,0.17647058823529413,0.09688581314878893,0.4844290657439446,1,20,20,False,2.5,10,0.75
275,0.5272727272727272,1.094251017694268,0.05547185716358455,3.1117965686103624,0.42189042810623634,0.26545454545454544,0.2509090909090909,0.12,0.36363636363636365,1,20,20,False,2.5,10,1.0
236,0.4788135593220339,1.0858534885192734,0.06689867954803634,3.4715559451039546,0.3422949039052499,0.3898305084745763,0.5932203389830508,0.01694915254237288,0.0,1,20,20,False,2.5,20,0.0
289,0.5882352941176471,1.0654289562100432,0.04092251766632766,2.0782389271309407,0.2941811946006845,0.30103806228373703,0.20069204152249134,0.0034602076124567475,0.49480968858131485,1,20,20,False,2.5,20,0.75
275,0.5454545454545454,1.0805484217357642,0.05862265171694061,2.7921454385143947,0.357644001117447,0.33090909090909093,0.2872727272727273,0.007272727272727273,0.37454545454545457,1,20,20,False,2.5,20,1.0
160,0.38125,1.286853300917398,0.13996011392357302,8.105699829050607,0.8138139960143806,0.5,0.40625,0.09375,0.0,1,20,20,True,1.5,10,0.0
200,0.595,1.1213938792891598,0.03860218099250176,2.4065010211687343,0.4607616394991801,0.36,0.045,0.015,0.58,1,20,20,True,1.5,10,0.75
193,0.5440414507772021,1.2304481095389792,0.08697515380622704,5.010608166705468,0.8325361466717177,0.39378238341968913,0.07253886010362694,0.02072538860103627,0.5129533678756477,1,20,20,True,1.5,10,1.0
160,0.3875,1.3008733403225785,0.1596068787228468,8.702643096556566,0.8531592040758614,0.55,0.44375,0.00625,0.0,1,20,20,True,1.5,20,0.0
200,0.595,1.1190489640097636,0.03779438177415053,2.364960941297842,0.4509947707265898,0.37,0.05,0.0,0.58,1,20,20,True,1.5,20,0.75
193,0.5440414507772021,1.226081597452187,0.08549991364248824,4.933174007914125,0.8164910131246338,0.40932642487046633,0.07772020725388601,0.0,0.5129533678756477,1,20,20,True,1.5,20,1.0
149,0.47651006711409394,1.328497354451529,0.11226253550701429,10.596724944649091,0.913925514106913,0.3087248322147651,0.5436241610738255,0.1476510067114094,0.0,1,20,20,True,2.5,10,0.0
180,0.5722222222222222,1.1701595579565374,0.06009414485518682,4.693916295869469,0.5938017711178156,0.25,0.17777777777777778,0.07777777777777778,0.49444444444444446,1,20,20,True,2.5,10,0.75
172,0.5290697674418605,1.2307906790993086,0.07817881472090851,6.6308485573947,0.7581233691831186,0.26744186046511625,0.28488372093023256,0.09302325581395349,0.3546511627906977,1,20,20,True,2.5,10,1.0
149,0.4899328859060403,1.3118506272564043,0.11275879559503015,10.750665070612374,0.8896009723824514,0.37583892617449666,0.6040268456375839,0.020134228187919462,0.0,1,20,20,True,2.5,20,0.0
180,0.5888888888888889,1.1849057774344791,0.06420126009359602,5.231503080737213,0.6422859395596223,0.29444444444444445,0.18888888888888888,0.005555555555555556,0.5111111111111111,1,20,20,True,2.5,20,0.75
172,0.5465116279069767,1.2489292729944013,0.08112472494696112,7.395495331039667,0.8150617549209682,0.31976744186046513,0.29651162790697677,0.011627906976744186,0.37209302325581395,1,20,20,True,2.5,20,1.0
181,0.4198895027624309,1.1946613807929765,0.09387000719782918,5.428450385641512,0.6388770836054061,0.4861878453038674,0.40331491712707185,0.11049723756906077,0.0,1,20,25,False,1.5,10,0.0
223,0.600896860986547,1.114650084390875,0.04268894448588215,2.3743088669747925,0.4603712617047864,0.36771300448430494,0.03587443946188341,0.008968609865470852,0.5874439461883408,1,20,25,False,1.5,10,0.75
217,0.5345622119815668,1.1243939534704164,0.05018790973031597,2.9083821392105143,0.5137672959239145,0.4147465437788018,0.09216589861751152,0.013824884792626729,0.4792626728110599,1,20,25,False,1.5,10,1.0
181,0.4143646408839779,1.1801371839146042,0.0990942459545614,5.2616830959345515,0.6034935220626739,0.5359116022099447,0.4585635359116022,0.0055248618784530384,0.0,1,20,25,False,1.5,20,0.0
223,0.600896860986547,1.1143511046893269,0.04247109248852487,2.368752607847121,0.45813149682312754,0.3721973094170404,0.04035874439461883,0.0,0.5874439461883408,1,20,25,False,1.5,20,0.75
217,0.5345622119815668,1.1226512285507013,0.04939646962274907,2.872088026500738,0.5059484337960356,0.423963133640553,0.0967741935483871,0.0,0.4792626728110599,1,20,25,False,1.5,20,1.0
169,0.5266272189349113,1.3023716557768052,0.1015061573248658,9.430251724133328,0.9257217595898226,0.27218934911242604,0.5384615384615384,0.1893491124260355,0.0,1,20,25,False,2.5,10,0.0
202,0.5841584158415841,1.1674631645708642,0.05672830502124637,4.719924376007587,0.6372564376601011,0.2376237623762376,0.19306930693069307,0.0891089108910891,0.4801980198019802,1,20,25,False,2.5,10,0.75
193,0.5544041450777202,1.2620868599361936,0.08904892249933863,7.718102678270069,0.9296786775474565,0.24870466321243523,0.27461139896373055,0.10362694300518134,0.37305699481865284,1,20,25,False,2.5,10,1.0
169,0.5266272189349113,1.22330786383306,0.08751994912174947,7.803411893397919,0.7138025877178725,0.35502958579881655,0.621301775147929,0.023668639053254437,0.0,1,20,25,False,2.5,20,0.0
202,0.599009900990099,1.1587220600896782,0.05721261160932342,4.659273011171365,0.5924307318831215,0.29207920792079206,0.2079207920792079,0.0049504950495049506,0.49504950495049505,1,20,25,False,2.5,20,0.75
193,0.5699481865284974,1.2734001324299307,0.0971341584683727,8.386076994282973,0.9504650239837189,0.30569948186528495,0.29533678756476683,0.010362694300518135,0.38860103626943004,1,20,25,False,2.5,20,1.0
128,0.3984375,1.2054017183196142,0.07413811395086305,5.445218798999476,0.5713297412435258,0.4921875,0.4140625,0.09375,0.0,1,20,25,True,1.5,10,0.0
153,0.6078431372549019,1.2351099600578084,0.06029405354997463,4.332470861254312,0.7569150219284718,0.35294117647058826,0.0392156862745098,0.013071895424836602,0.5947712418300654,1,20,25,True,1.5,10,0.75
149,0.5436241610738255,1.2788075111886175,0.0841936946803318,5.811253699717688,0.8935805515706227,0.3959731543624161,0.08053691275167785,0.020134228187919462,0.5033557046979866,1,20,25,True,1.5,10,1.0
128,0.40625,1.2322123297498766,0.10095959504402696,6.3238894462465955,0.6402387099739475,0.5390625,0.453125,0.0078125,0.0,1,20,25,True,1.5,20,0.0
153,0.6078431372549019,1.2345674021386999,0.05997653070415323,4.324372522787183,0.752210843598021,0.35947712418300654,0.0457516339869281,0.0,0.5947712418300654,1,20,25,True,1.5,20,0.75
149,0.5436241610738255,1.2755726958228506,0.08304106042971424,5.7583958308719065,0.881508160681042,0.40939597315436244,0.087248322147651,0.0,0.5033557046979866,1,20,25,True,1.5,20,1.0
119,0.5042016806722689,1.3320744872416714,0.08594138923958229,9.636048733527891,0.8549415726794833,0.2773109243697479,0.5546218487394958,0.16806722689075632,0.0,1,20,25,True,2.5,10,0.0
139,0.5755395683453237,1.2618591627033056,0.0665177409066985,6.644843926549113,0.7925404374148414,0.2302158273381295,0.19424460431654678,0.09352517985611511,0.48201438848920863,1,20,25,True,2.5,10,0.75
134,0.5298507462686567,1.2927385940782756,0.07214958971560702,7.857144327715887,0.8460539488018323,0.2462686567164179,0.291044776119403,0.11194029850746269,0.35074626865671643,1,20,25,True,2.5,10,1.0
119,0.5210084033613446,1.3268441814397351,0.09190456822873021,10.258196004427212,0.8566723767159112,0.35294117647058826,0.6218487394957983,0.025210084033613446,0.0,1,20,25,True,2.5,20,0.0
139,0.5971223021582733,1.2921689516646073,0.07353917360334519,7.604608371051483,0.8702823187189392,0.2805755395683453,0.20863309352517986,0.007194244604316547,0.5035971223021583,1,20,25,True,2.5,20,0.75
134,0.5522388059701493,1.3316912603489317,0.08015448752333777,9.199440533204129,0.9424196985526784,0.30597014925373134,0.30597014925373134,0.014925373134328358,0.373134328358209,1,20,25,True,2.5,20,1.0
275,0.39636363636363636,1.140134335583201,0.11249809753642645,4.377964661206259,0.569752910723853,0.5309090909090909,0.3781818181818182,0.09090909090909091,0.0,1,55,0,False,1.5,10,0.0
352,0.5653409090909091,0.8976971792245502,-0.02467284741265915,-2.441750484978686,-0.5781504658933881,0.4005681818181818,0.03977272727272727,0.014204545454545454,0.5454545454545454,1,55,0,False,1.5,10,0.75
340,0.5147058823529411,0.9580029864027926,0.002891287625632449,-1.0955757588669652,-0.23462252095160985,0.4441176470588235,0.06764705882352941,0.014705882352941176,0.47352941176470587,1,55,0,False,1.5,10,1.0
275,0.38181818181818183,1.1175347916067797,0.11277748395858873,3.8296074574617522,0.48922963347838544,0.5745454545454546,0.4218181818181818,0.0036363636363636364,0.0,1,55,0,False,1.5,20,0.0
352,0.5653409090909091,0.8933392184923116,-0.02621597701835218,-2.5581846910932646,-0.6027256566631457,0.4119318181818182,0.04261363636363636,0.0,0.5454545454545454,1,55,0,False,1.5,20,0.75
340,0.5147058823529411,0.953642830350598,0.0012637456230567936,-1.2148482501498319,-0.25895606122605963,0.45588235294117646,0.07058823529411765,0.0,0.47352941176470587,1,55,0,False,1.5,20,1.0
252,0.4801587301587302,1.1728099638067473,0.0903848983971106,6.2754771002703595,0.6816670290720934,0.30952380952380953,0.503968253968254,0.1865079365079365,0.0,1,55,0,False,2.5,10,0.0
308,0.5681818181818182,1.0020450961706096,0.02267834971159383,0.06355524905479565,0.010133322488725272,0.25,0.17857142857142858,0.1038961038961039,0.4675324675324675,1,55,0,False,2.5,10,0.75
291,0.5360824742268041,1.1002032613072934,0.0637659156935565,3.289432584276004,0.46280533865408835,0.26804123711340205,0.24398625429553264,0.11683848797250859,0.3711340206185567,1,55,0,False,2.5,10,1.0
252,0.47619047619047616,1.111362154759064,0.08071545888626865,4.421709166258752,0.45221762664535103,0.39285714285714285,0.5912698412698413,0.015873015873015872,0.0,1,55,0,False,2.5,20,0.0
308,0.577922077922078,0.9763437613556566,0.019645280866628527,-0.7714757637488187,-0.11575398592133926,0.3116883116883117,0.20454545454545456,0.006493506493506494,0.4772727272727273,1,55,0,False,2.5,20,0.75
291,0.5498281786941581,1.0795997900476613,0.06316955261601527,2.740546868760677,0.36396034016761397,0.3333333333333333,0.27491408934707906,0.010309278350515464,0.38144329896907214,1,55,0,False,2.5,20,1.0
182,0.4010989010989011,1.2655788938716648,0.1768305477273516,7.922836706126556,0.8279772501384832,0.521978021978022,0.4010989010989011,0.07692307692307693,0.0,1,55,0,True,1.5,10,0.0
230,0.591304347826087,1.0243688350305,0.02212173157498526,0.5225027795581864,0.10665549033255783,0.3739130434782609,0.043478260869565216,0.013043478260869565,0.5695652173913044,1,55,0,True,1.5,10,0.75
220,0.5454545454545454,1.1220904721066574,0.06336809663755512,2.8526137003908323,0.5026655984660131,0.41363636363636364,0.07727272727272727,0.013636363636363636,0.4954545454545455,1,55,0,True,1.5,10,1.0
182,0.4010989010989011,1.2626210979459456,0.19051785542176164,8.070377157846963,0.8252903754000119,0.5604395604395604,0.4340659340659341,0.005494505494505495,0.0,1,55,0,True,1.5,20,0.0
230,0.591304347826087,1.0226460107721067,0.02141929747207115,0.48638097097480165,0.09901150503252393,0.3826086956521739,0.04782608695652174,0.0,0.5695652173913044,1,55,0,True,1.5,20,0.75
220,0.5454545454545454,1.1203738487820898,0.06258744889509142,2.816814507399825,0.4950241602084986,0.42272727272727273,0.08181818181818182,0.0,0.4954545454545455,1,55,0,True,1.5,20,1.0
169,0.4911242603550296,1.2940523460538667,0.12728183503735124,10.127686494029499,0.8973336257308981,0.3136094674556213,0.5325443786982249,0.15384615384615385,0.0,1,55,0,True,2.5,10,0.0
203,0.5763546798029556,1.0604397616101875,0.03456000357237706,1.7785908291836683,0.23450472582042864,0.2561576354679803,0.1921182266009852,0.08866995073891626,0.4630541871921182,1,55,0,True,2.5,10,0.75
194,0.5463917525773195,1.1760042886388387,0.07536970006530941,5.375348938079619,0.6303408131344274,0.27319587628865977,0.25773195876288657,0.0979381443298969,0.3711340206185567,1,55,0,True,2.5,10,1.0
169,0.4970414201183432,1.2423974574332688,0.11973685000355495,9.089415291604091,0.7689422692563703,0.3905325443786982,0.5857988165680473,0.023668639053254437,0.0,1,55,0,True,2.5,20,0.0
203,0.5862068965517241,1.041503126239567,0.030859922158619244,1.2851694585446891,0.16222037335587833,0.3103448275862069,0.2019704433497537,0.009852216748768473,0.47783251231527096,1,55,0,True,2.5,20,0.75
194,0.5567010309278351,1.1610870820529915,0.07366672134145649,5.188747239568486,0.5815014628564845,0.32989690721649484,0.26804123711340205,0.015463917525773196,0.3865979381443299,1,55,0,True,2.5,20,1.0
219,0.3835616438356164,1.1573594743590154,0.10564628566631182,4.899225316131333,0.5608800331477709,0.5296803652968036,0.3698630136986301,0.1004566210045662,0.0,1,55,20,False,1.5,10,0.0
280,0.5785714285714286,0.9695843867026517,0.002253406480163806,-0.6874241166304641,-0.14371903827239474,0.38571428571428573,0.04642857142857143,0.010714285714285714,0.5571428571428572,1,55,20,False,1.5,10,0.75
274,0.5182481751824818,1.0113165986513784,0.02096571636375067,0.2870703168070339,0.054321550288139904,0.4343065693430657,0.06569343065693431,0.014598540145985401,0.4854014598540146,1,55,20,False,1.5,10,1.0
219,0.3744292237442922,1.1484951258178895,0.11385426548630725,4.795861229825124,0.5387795989640675,0.5753424657534246,0.4200913242009132,0.0045662100456621,0.0,1,55,20,False,1.5,20,0.0
280,0.5785714285714286,0.9683131485037038,0.001676407038484359,-0.7170956022525301,-0.14955816565971816,0.39285714285714285,0.05,0.0,0.5571428571428572,1,55,20,False,1.5,20,0.75
274,0.5182481751824818,1.009146790684661,0.019926587343306913,0.2325272779503578,0.04389156904601184,0.44525547445255476,0.06934306569343066,0.0,0.4854014598540146,1,55,20,False,1.5,20,1.0
203,0.4827586206896552,1.2122204348642194,0.1110596909964752,7.62875294684287,0.7340018676288167,0.2955665024630542,0.5073891625615764,0.19704433497536947,0.0,1,55,20,False,2.5,10,0.0
250,0.572,1.064346462044798,0.045983648474404934,1.9558860106249771,0.27406127673528263,0.236,0.168,0.104,0.492,1,55,20,False,2.5,10,0.75
235,0.5276595744680851,1.1030044403458277,0.06287341140684985,3.3845130340650718,0.42003775583701675,0.26382978723404255,0.2553191489361702,0.11914893617021277,0.3617021276595745,1,55,20,False,2.5,10,1.0
203,0.4876847290640394,1.1559412066784074,0.10637342300693756,6.145260492171097,0.5545916004508652,0.3842364532019704,0.6009852216748769,0.014778325123152709,0.0,1,55,20,False,2.5,20,0.0
250,0.588,1.0461052402720978,0.045939541844383334,1.4659896064702684,0.19343944778681194,0.3,0.192,0.004,0.504,1,55,20,False,2.5,20,0.75
235,0.548936170212766,1.0955182105836765,0.0660632705182516,3.2780862582773103,0.3835862797777113,0.33191489361702126,0.2851063829787234,0.00851063829787234,0.37446808510638296,1,55,20,False,2.5,20,1.0
156,0.38461538461538464,1.324695510752941,0.1564773992285704,9.152406033623832,0.8937175767181084,0.5064102564102564,0.40384615384615385,0.08974358974358974,0.0,1,55,20,True,1.5,10,0.0
197,0.5939086294416244,1.1102769924292386,0.033110039662568355,2.177947433795782,0.4197113904643703,0.3604060913705584,0.05583756345177665,0.015228426395939087,0.5685279187817259,1,55,20,True,1.5,10,0.75
191,0.5497382198952879,1.2502414895843363,0.08578123825065011,5.358187319442442,0.8859767242925171,0.39267015706806285,0.07853403141361257,0.020942408376963352,0.5078534031413613,1,55,20,True,1.5,10,1.0
156,0.391025641025641,1.341577749394391,0.1793343678111373,9.83725881415999,0.9383237326504569,0.5512820512820513,0.4423076923076923,0.00641025641025641,0.0,1,55,20,True,1.5,20,0.0
197,0.5939086294416244,1.1079112166805332,0.03228993893327776,2.1357747638760944,0.4098644121758105,0.37055837563451777,0.06091370558375635,0.0,0.5685279187817259,1,55,20,True,1.5,20,0.75
191,0.5497382198952879,1.2456894321717762,0.08429055054592975,5.279942331763232,0.8696130130583152,0.4083769633507853,0.08376963350785341,0.0,0.5078534031413613,1,55,20,True,1.5,20,1.0
145,0.4896551724137931,1.420122095481587,0.13987284114063342,13.249601432938372,1.1131453766883384,0.30344827586206896,0.5448275862068965,0.15172413793103448,0.0,1,55,20,True,2.5,10,0.0
177,0.5819209039548022,1.2106822341846981,0.06384366592821605,5.652781043944308,0.7150491530851382,0.24293785310734464,0.1807909604519774,0.0847457627118644,0.4915254237288136,1,55,20,True,2.5,10,0.75
168,0.5416666666666666,1.2879303742418535,0.0878662805385213,8.069253826184967,0.9104114382858541,0.2619047619047619,0.27976190476190477,0.09523809523809523,0.3630952380952381,1,55,20,True,2.5,10,1.0
145,0.503448275862069,1.4020067986617686,0.14344429583140178,13.540280307146913,1.0917989684044733,0.3724137931034483,0.6068965517241379,0.020689655172413793,0.0,1,55,20,True,2.5,20,0.0
177,0.5988700564971752,1.2225176986308386,0.06683731610540661,6.142988921515443,0.7530137580221232,0.2937853107344633,0.192090395480226,0.005649717514124294,0.5084745762711864,1,55,20,True,2.5,20,0.75
168,0.5595238095238095,1.310127509594648,0.09352470158571234,8.966459796772135,0.975013662506579,0.31547619047619047,0.2916666666666667,0.011904761904761904,0.38095238095238093,1,55,20,True,2.5,20,1.0
163,0.3987730061349693,1.0661041475662634,0.04556420168737342,1.9758780641890015,0.22050828062253866,0.5153374233128835,0.3803680981595092,0.10429447852760736,0.0,1,55,25,False,1.5,10,0.0
200,0.585,1.0191127797894874,0.017077907096811312,0.4187593961387401,0.0741293867995297,0.38,0.045,0.01,0.565,1,55,25,False,1.5,10,0.75
195,0.517948717948718,1.0302000339135835,0.02125153850876637,0.7482621018878343,0.1224628961647741,0.4307692307692308,0.07692307692307693,0.015384615384615385,0.47692307692307695,1,55,25,False,1.5,10,1.0
163,0.3987730061349693,1.0827158279614473,0.07070798514537864,2.5627784642105578,0.2771178058476765,0.558282208588957,0.43558282208588955,0.006134969325153374,0.0,1,55,25,False,1.5,20,0.0
200,0.585,1.0188246977953084,0.01683500211975794,0.41256416721138606,0.07284131348901114,0.385,0.05,0.0,0.565,1,55,25,False,1.5,20,0.75
195,0.517948717948718,1.0285234350064039,0.02037080772239706,0.7078732687697753,0.11551241956740245,0.441025641025641,0.08205128205128205,0.0,0.47692307692307695,1,55,25,False,1.5,20,1.0
151,0.5099337748344371,1.1579145633778432,0.06596508867302601,5.328973373572272,0.4912673481467718,0.2847682119205298,0.5165562913907285,0.1986754966887417,0.0,1,55,25,False,2.5,10,0.0
180,0.5722222222222222,1.0781718759746646,0.037157538054480986,2.3311984191917348,0.2873369006728578,0.24444444444444444,0.17777777777777778,0.1,0.4777777777777778,1,55,25,False,2.5,10,0.75
170,0.5411764705882353,1.1375353090330595,0.056661612460956086,4.318114186953144,0.47875627574152707,0.25882352941176473,0.27058823529411763,0.11764705882352941,0.35294117647058826,1,55,25,False,2.5,10,1.0
151,0.5165562913907285,1.1154151901032496,0.06529995239316327,4.334100853085605,0.36862234273207317,0.37748344370860926,0.6026490066225165,0.019867549668874173,0.0,1,55,25,False,2.5,20,0.0
180,0.5888888888888889,1.0726390131531873,0.038083943569081354,2.261686074907567,0.2611876645640581,0.3055555555555556,0.19444444444444445,0.005555555555555556,0.49444444444444446,1,55,25,False,2.5,20,0.75
170,0.5588235294117647,1.1547788607964506,0.06624616307189768,5.074928285284068,0.5251114627755081,0.3235294117647059,0.29411764705882354,0.011764705882352941,0.37058823529411766,1,55,25,False,2.5,20,1.0
126,0.40476190476190477,1.2158075974888742,0.07675780739110531,5.746299148167627,0.5954199388907734,0.5,0.4126984126984127,0.0873015873015873,0.0,1,55,25,True,1.5,10,0.0
152,0.6052631578947368,1.210073268181892,0.05451287552534893,3.9125049556466505,0.6773735549108424,0.35526315789473684,0.046052631578947366,0.013157894736842105,0.5855263157894737,1,55,25,True,1.5,10,0.75
148,0.5472972972972973,1.2881296323991709,0.08334877466724744,6.005104451669661,0.9112857787007405,0.39864864864864863,0.07432432432432433,0.02027027027027027,0.5067567567567568,1,55,25,True,1.5,10,1.0
126,0.4126984126984127,1.2467324827658317,0.10735585747778477,6.728806718090792,0.6728910291576587,0.5396825396825397,0.4523809523809524,0.007936507936507936,0.0,1,55,25,True,1.5,20,0.0
152,0.6052631578947368,1.2095438714164473,0.0541932637134366,3.9043533386369744,0.6730341555440833,0.3618421052631579,0.05263157894736842,0.0,0.5855263157894737,1,55,25,True,1.5,20,0.75
148,0.5472972972972973,1.284849029516621,0.08218835234736896,5.951889435061408,0.8992372475730955,0.41216216216216217,0.08108108108108109,0.0,0.5067567567567568,1,55,25,True,1.5,20,1.0
117,0.5128205128205128,1.3339662237648697,0.08492006321636317,9.818549168944136,0.8575545536870901,0.28205128205128205,0.5470085470085471,0.17094017094017094,0.0,1,55,25,True,2.5,10,0.0
137,0.5766423357664233,1.2495375989853872,0.058286508819876175,6.431701472938646,0.7526644303911502,0.23357664233576642,0.18248175182481752,0.10218978102189781,0.48175182481751827,1,55,25,True,2.5,10,0.75
131,0.5343511450381679,1.2743051233532374,0.06513556927541511,7.5030786514496635,0.7974070156384807,0.25190839694656486,0.2824427480916031,0.11450381679389313,0.3511450381679389,1,55,25,True,2.5,10,1.0
117,0.5299145299145299,1.335467886583499,0.09477934934247985,10.615531076881984,0.8731101537626903,0.358974358974359,0.6153846153846154,0.02564102564102564,0.0,1,55,25,True,2.5,20,0.0
137,0.5985401459854015,1.276599033291766,0.06388194300442333,7.332492938922054,0.8230043679491891,0.291970802919708,0.19708029197080293,0.0072992700729927005,0.5036496350364964,1,55,25,True,2.5,20,0.75
131,0.5572519083969466,1.3208472107910934,0.07671247372795689,9.022766052420153,0.9120993377116984,0.31297709923664124,0.29770992366412213,0.015267175572519083,0.37404580152671757,1,55,25,True,2.5,20,1.0
269,0.3345724907063197,1.0397643688492522,0.002714211211151854,1.358352776819593,0.15095722362858252,0.516728624535316,0.31970260223048325,0.16356877323420074,0.0,-1,20,0,False,1.5,10,0.0
339,0.5663716814159292,0.9604341106408738,-0.020147772935219334,-1.0032698799691429,-0.21862092751409917,0.39823008849557523,0.035398230088495575,0.011799410029498525,0.5545722713864307,-1,20,0,False,1.5,10,0.75
328,0.49390243902439024,0.9726540927335385,-0.016241829139588215,-0.7729440909473322,-0.15455792970975188,0.4298780487804878,0.06402439024390244,0.039634146341463415,0.46646341463414637,-1,20,0,False,1.5,10,1.0
269,0.34572490706319703,1.0632352755663037,0.0366850015629856,2.252905588042978,0.24407739161401312,0.5762081784386617,0.4163568773234201,0.007434944237918215,0.0,-1,20,0,False,1.5,20,0.0
339,0.5663716814159292,0.9587694087838138,-0.020400630794414704,-1.047296884390704,-0.2285769959316916,0.40412979351032446,0.04129793510324484,0.0,0.5545722713864307,-1,20,0,False,1.5,20,0.75
328,0.4969512195121951,0.9670430264708926,-0.01852401616131995,-0.9404322967290031,-0.1879074317427108,0.45426829268292684,0.07926829268292683,0.0,0.46646341463414637,-1,20,0,False,1.5,20,1.0
259,0.38996138996138996,0.9384578877962598,-0.029673110155654873,-2.647747589700105,-0.25158827934023525,0.3204633204633205,0.41312741312741313,0.26640926640926643,0.0,-1,20,0,False,2.5,10,0.0
303,0.49834983498349833,0.8735971173568435,-0.04621069150676981,-4.728772329145955,-0.6663833421187823,0.2706270627062706,0.1617161716171617,0.1353135313531353,0.43234323432343236,-1,20,0,False,2.5,10,0.75
289,0.4463667820069204,0.8862896087505749,-0.04627216880382818,-4.621944839532663,-0.5652025035811035,0.2975778546712803,0.1903114186851211,0.17301038062283736,0.3391003460207612,-1,20,0,False,2.5,10,1.0
259,0.41312741312741313,0.9318793489673085,-0.025696199932390522,-3.146194162990733,-0.28775949456317174,0.41312741312741313,0.5675675675675675,0.019305019305019305,0.0,-1,20,0,False,2.5,20,0.0
303,0.5181518151815182,0.8562188550973917,-0.05413236483701397,-5.6167687609247565,-0.7660204418397009,0.3333333333333333,0.22772277227722773,0.0,0.4389438943894389,-1,20,0,False,2.5,20,0.75
289,0.4740484429065744,0.8837820592749569,-0.04733695348328559,-4.93053925751994,-0.5812767799313435,0.3737024221453287,0.27335640138408307,0.006920415224913495,0.3460207612456747,-1,20,0,False,2.5,20,1.0
121,0.4049586776859504,1.1558730194079219,0.08276806994643307,5.211313109978763,0.4063778863733465,0.4462809917355372,0.39669421487603307,0.15702479338842976,0.0,-1,20,0,True,1.5,10,0.0
157,0.6114649681528662,1.1634034019442903,0.04916540334615723,3.86323200091637,0.5332297729823071,0.35668789808917195,0.050955414012738856,0.006369426751592357,0.5859872611464968,-1,20,0,True,1.5,10,0.75
148,0.5337837837837838,1.1301037086967536,0.056507438058039566,3.5175219143119776,0.4374328849218078,0.3716216216216216,0.10135135135135136,0.0472972972972973,0.4797297297297297,-1,20,0,True,1.5,10,1.0
121,0.4049586776859504,1.1595458009169943,0.10018535035420538,5.543215668184463,0.4224962692210347,0.5206611570247934,0.47107438016528924,0.008264462809917356,0.0,-1,20,0,True,1.5,20,0.0
157,0.6114649681528662,1.1599371943798025,0.048426328727962036,3.792582387972016,0.5224897652286188,0.3630573248407643,0.050955414012738856,0.0,0.5859872611464968,-1,20,0,True,1.5,20,0.75
148,0.5405405405405406,1.1258138356837515,0.05659937183169952,3.4398193457733863,0.4258573990017997,0.41216216216216217,0.10810810810810811,0.0,0.4797297297297297,-1,20,0,True,1.5,20,1.0
117,0.4358974358974359,0.9768924680243071,-0.018586057543026266,-0.9904465389569999,-0.06661044842213502,0.3162393162393162,0.4444444444444444,0.23931623931623933,0.0,-1,20,0,True,2.5,10,0.0
136,0.5220588235294118,0.9617841048418903,-0.018520280949671137,-1.4027145390241056,-0.12938347320612917,0.25735294117647056,0.18382352941176472,0.13970588235294118,0.41911764705882354,-1,20,0,True,2.5,10,0.75
130,0.46153846153846156,0.967607198549708,-0.02487685267199705,-1.3175772254752744,-0.10744083237687115,0.2846153846153846,0.2076923076923077,0.16923076923076924,0.3384615384615385,-1,20,0,True,2.5,10,1.0
117,0.452991452991453,1.0051488541242664,-0.006540397499611554,0.22469251633202458,0.01470578327571457,0.39316239316239315,0.5897435897435898,0.017094017094017096,0.0,-1,20,0,True,2.5,20,0.0
136,0.5514705882352942,0.9894072566337865,-0.012532175781353027,-0.3899595882027076,-0.035311666882118224,0.3161764705882353,0.25735294117647056,0.0,0.4264705882352941,-1,20,0,True,2.5,20,0.75
130,0.49230769230769234,0.9797600290619174,-0.023938247256355367,-0.8342845513886084,-0.06670293066144482,0.36153846153846153,0.2846153846153846,0.007692307692307693,0.34615384615384615,-1,20,0,True,2.5,20,1.0
221,0.33031674208144796,1.0793608644119204,0.04889327883603651,2.835297670286243,0.27664262441964466,0.5248868778280543,0.3212669683257919,0.15384615384615385,0.0,-1,20,20,False,1.5,10,0.0
282,0.5709219858156028,0.9655115520433463,-0.013341059803904919,-0.8963152570112117,-0.17256649677038913,0.40070921985815605,0.028368794326241134,0.010638297872340425,0.5602836879432624,-1,20,20,False,1.5,10,0.75
272,0.4852941176470588,0.9465009953005231,-0.03149587810942133,-1.5741859625502657,-0.27783417434799224,0.4411764705882353,0.0625,0.03676470588235294,0.45955882352941174,-1,20,20,False,1.5,10,1.0
221,0.34841628959276016,1.1053358329271026,0.08555522120609248,3.882863353364148,0.37171120295238147,0.579185520361991,0.416289592760181,0.004524886877828055,0.0,-1,20,20,False,1.5,20,0.0
282,0.5709219858156028,0.9650068306827833,-0.013233556609616203,-0.9099080416447071,-0.1755493843462875,0.40425531914893614,0.03546099290780142,0.0,0.5602836879432624,-1,20,20,False,1.5,20,0.75
272,0.4889705882352941,0.947301910678629,-0.03070724183044252,-1.556165941970241,-0.2746393434539131,0.45955882352941174,0.08088235294117647,0.0,0.45955882352941174,-1,20,20,False,1.5,20,1.0
212,0.3915094339622642,0.9922187605156568,0.016418257620820623,-0.34576200245398714,-0.028672997007058564,0.30660377358490565,0.42452830188679247,0.2688679245283019,0.0,-1,20,20,False,2.5,10,0.0
248,0.49193548387096775,0.8473656885856404,-0.04719138871178025,-5.9118899513338565,-0.7347927191587965,0.25806451612903225,0.15725806451612903,0.1532258064516129,0.4314516129032258,-1,20,20,False,2.5,10,0.75
236,0.4449152542372881,0.8881308421836795,-0.03877740407590463,-4.65730560394858,-0.5007903545481498,0.2796610169491525,0.19491525423728814,0.1864406779661017,0.3389830508474576,-1,20,20,False,2.5,10,1.0
212,0.42452830188679247,0.9935478098003914,0.026946956867537723,-0.30277015954019276,-0.02432443047970597,0.3915094339622642,0.5943396226415094,0.014150943396226415,0.0,-1,20,20,False,2.5,20,0.0
248,0.5201612903225806,0.8545321686680721,-0.044904871469966946,-5.769819431836914,-0.6950636333012039,0.3185483870967742,0.24193548387096775,0.0,0.43951612903225806,-1,20,20,False,2.5,20,0.75
236,0.4703389830508475,0.8762701125270439,-0.0440412718935944,-5.362713501104369,-0.559660033052008,0.3559322033898305,0.2923728813559322,0.00847457627118644,0.3432203389830508,-1,20,20,False,2.5,20,1.0
110,0.38181818181818183,1.143422078136053,0.07328965158264275,4.924084981981921,0.35548416728409976,0.4636363636363636,0.4,0.13636363636363635,0.0,-1,20,20,True,1.5,10,0.0
142,0.6126760563380281,1.1791764066973807,0.055064127809196804,4.2403306463916675,0.5360945207628577,0.3591549295774648,0.04929577464788732,0.0,0.5915492957746479,-1,20,20,True,1.5,10,0.75
134,0.5223880597014925,1.1129607055310375,0.04109619171479331,3.091746845488944,0.3533904833820602,0.3805970149253731,0.11194029850746269,0.03731343283582089,0.4701492537313433,-1,20,20,True,1.5,10,1.0
110,0.39090909090909093,1.1307539202074228,0.07288981521243343,4.6837561706707485,0.3328841049378505,0.5363636363636364,0.45454545454545453,0.00909090909090909,0.0,-1,20,20,True,1.5,20,0.0
142,0.6126760563380281,1.1791764066973807,0.055064127809196804,4.2403306463916675,0.5360945207628577,0.3591549295774648,0.04929577464788732,0.0,0.5915492957746479,-1,20,20,True,1.5,20,0.75
134,0.5298507462686567,1.1164575099246459,0.04336689212197458,3.203572299700977,0.3649171224492479,0.41044776119402987,0.11940298507462686,0.0,0.4701492537313433,-1,20,20,True,1.5,20,1.0
105,0.4095238095238095,0.9737777377639418,-0.018181399484523204,-1.1483776661946776,-0.07126417471883774,0.3142857142857143,0.44761904761904764,0.23809523809523808,0.0,-1,20,20,True,2.5,10,0.0
121,0.5041322314049587,0.9327629098571611,-0.03163970657854221,-2.5062150742941394,-0.2115728535335838,0.256198347107438,0.19008264462809918,0.14049586776859505,0.4132231404958678,-1,20,20,True,2.5,10,0.75
116,0.4482758620689655,0.963827255957329,-0.027045372543331028,-1.468929081543574,-0.11052316097345892,0.27586206896551724,0.21551724137931033,0.1724137931034483,0.33620689655172414,-1,20,20,True,2.5,10,1.0
105,0.4380952380952381,0.9727989950482014,-0.023586304665216412,-1.2381338017954375,-0.0750291740225118,0.3904761904761905,0.5904761904761905,0.01904761904761905,0.0,-1,20,20,True,2.5,20,0.0
121,0.5371900826446281,0.9652531394004826,-0.024058382527613723,-1.2969496525005462,-0.10730658246870739,0.30578512396694213,0.2727272727272727,0.0,0.4214876033057851,-1,20,20,True,2.5,20,0.75
116,0.47413793103448276,0.9461882239444869,-0.042165974975880545,-2.259225583595988,-0.16654123176636687,0.3448275862068966,0.3103448275862069,0.008620689655172414,0.33620689655172414,-1,20,20,True,2.5,20,1.0
164,0.35365853658536583,1.2314078354653843,0.1254881336483223,7.775234821798864,0.6481206697026868,0.4878048780487805,0.36585365853658536,0.14634146341463414,0.0,-1,20,25,False,1.5,10,0.0
208,0.5769230769230769,1.029400911263476,-0.007772154167353278,0.7295391595899731,0.11829917827082401,0.3894230769230769,0.04326923076923077,0.014423076923076924,0.5528846153846154,-1,20,25,False,1.5,10,0.75
199,0.4824120603015075,0.9850063884520456,-0.03712055447170524,-0.42607333492508953,-0.06373043459177029,0.4271356783919598,0.08542713567839195,0.04522613065326633,0.44221105527638194,-1,20,25,False,1.5,10,1.0
164,0.36585365853658536,1.2482183672500078,0.15250637463722883,8.64099191561353,0.7075218102791798,0.5548780487804879,0.4451219512195122,0.0,0.0,-1,20,25,False,1.5,20,0.0
208,0.5769230769230769,1.0286369549667198,-0.007626404644327229,0.7111104804234074,0.11536434059254691,0.3942307692307692,0.052884615384615384,0.0,0.5528846153846154,-1,20,25,False,1.5,20,0.75
199,0.48743718592964824,0.9872166225392579,-0.03531480359772908,-0.3646336269789429,-0.05441070391569747,0.4472361809045226,0.11055276381909548,0.0,0.44221105527638194,-1,20,25,False,1.5,20,1.0
157,0.39490445859872614,1.0991834826724372,0.05239043218537396,4.143632971423904,0.29782659016830776,0.267515923566879,0.45222929936305734,0.2802547770700637,0.0,-1,20,25,False,2.5,10,0.0
185,0.4864864864864865,0.8871113897071973,-0.053914424766693905,-4.1514945544285045,-0.45541056961188275,0.22702702702702704,0.2,0.1783783783783784,0.3945945945945946,-1,20,25,False,2.5,10,0.75
177,0.4463276836158192,0.9576127166141696,-0.03054495849876736,-1.639017289221558,-0.15589935545983358,0.24293785310734464,0.22033898305084745,0.21468926553672316,0.3220338983050847,-1,20,25,False,2.5,10,1.0
157,0.42038216560509556,1.0766081660430573,0.052874007016687374,3.4349006394079606,0.23819256661913005,0.36942675159235666,0.6114649681528662,0.01910828025477707,0.0,-1,20,25,False,2.5,20,0.0
185,0.5081081081081081,0.8756801071853352,-0.059087496240301594,-4.744016565761172,-0.5012764102135608,0.3081081081081081,0.2918918918918919,0.0,0.4,-1,20,25,False,2.5,20,0.75
177,0.4632768361581921,0.9102122959434076,-0.04909858170075308,-3.7069324085803332,-0.3392628769878261,0.3333333333333333,0.327683615819209,0.01694915254237288,0.3220338983050847,-1,20,25,False,2.5,20,1.0
93,0.40860215053763443,1.3836494234692067,0.14735040855216092,11.657087975977056,0.7695583377787593,0.43010752688172044,0.45161290322580644,0.11827956989247312,0.0,-1,20,25,True,1.5,10,0.0
119,0.6218487394957983,1.2737811316733325,0.06515386893937562,6.141052689367254,0.7158475831633528,0.35294117647058826,0.058823529411764705,0.0,0.5882352941176471,-1,20,25,True,1.5,10,0.75
112,0.5178571428571429,1.16891438475989,0.03383577089336619,4.423898552471228,0.4769650774076883,0.375,0.14285714285714285,0.03571428571428571,0.44642857142857145,-1,20,25,True,1.5,10,1.0
93,0.41935483870967744,1.381715844106815,0.15120122000378797,12.02607927391801,0.7829882771056386,0.5053763440860215,0.4946236559139785,0.0,0.0,-1,20,25,True,1.5,20,0.0
119,0.6218487394957983,1.2737811316733325,0.06515386893937562,6.141052689367254,0.7158475831633528,0.35294117647058826,0.058823529411764705,0.0,0.5882352941176471,-1,20,25,True,1.5,20,0.75
112,0.5267857142857143,1.175847394629416,0.037845674559449316,4.623092009149166,0.49666445742840876,0.4017857142857143,0.15178571428571427,0.0,0.44642857142857145,-1,20,25,True,1.5,20,1.0
89,0.42696629213483145,1.200507561425442,0.04993589980104847,7.591651184526811,0.4426743118126595,0.24719101123595505,0.5168539325842697,0.23595505617977527,0.0,-1,20,25,True,2.5,10,0.0
102,0.5098039215686274,1.1032118669711166,-0.004507271003809313,3.387338293234889,0.27609063872563094,0.20588235294117646,0.24509803921568626,0.14705882352941177,0.4019607843137255,-1,20,25,True,2.5,10,0.75
99,0.46464646464646464,1.195354697395111,0.027450612603013517,6.780634668604491,0.4880607259760815,0.21212121212121213,0.2727272727272727,0.18181818181818182,0.3333333333333333,-1,20,25,True,2.5,10,1.0
89,0.449438202247191,1.1679643664596533,0.03772411475223424,6.7735080362373274,0.38227426106447104,0.33707865168539325,0.6404494382022472,0.02247191011235955,0.0,-1,20,25,True,2.5,20,0.0
102,0.5392156862745098,1.1352218465027935,0.0036333036436209175,4.460188980267643,0.354502420803593,0.2647058823529412,0.3235294117647059,0.0,0.4117647058823529,-1,20,25,True,2.5,20,0.75
99,0.48484848484848486,1.130890615347316,0.004546719753155152,4.850687797920007,0.3374469024572851,0.29292929292929293,0.35353535353535354,0.020202020202020204,0.3333333333333333,-1,20,25,True,2.5,20,1.0
226,0.33185840707964603,0.9463286271603507,-0.055438552604416776,-1.9280714333587203,-0.19826060138701393,0.5221238938053098,0.3185840707964602,0.1592920353982301,0.0,-1,55,0,False,1.5,10,0.0
284,0.5387323943661971,0.8385475416228033,-0.07184686646675394,-4.567304234712898,-0.8749596590931238,0.4295774647887324,0.035211267605633804,0.01056338028169014,0.5246478873239436,-1,55,0,False,1.5,10,0.75
274,0.4708029197080292,0.8801064032137084,-0.06416868520086624,-3.6981406210055727,-0.6479498483536807,0.45985401459854014,0.06569343065693431,0.032846715328467155,0.4416058394160584,-1,55,0,False,1.5,10,1.0
226,0.3407079646017699,0.9702147204807413,-0.02645335308003164,-1.1064870319053528,-0.11138620705226605,0.5752212389380531,0.415929203539823,0.008849557522123894,0.0,-1,55,0,False,1.5,20,0.0
284,0.5387323943661971,0.8386075450812787,-0.07151249022933062,-4.565280130835817,-0.873095198618844,0.43661971830985913,0.03873239436619718,0.0,0.5246478873239436,-1,55,0,False,1.5,20,0.75
274,0.4744525547445255,0.8787374396877475,-0.06516562698538857,-3.763080510496549,-0.6574908695483587,0.4854014598540146,0.072992700729927,0.0,0.4416058394160584,-1,55,0,False,1.5,20,1.0
216,0.39351851851851855,0.9079710148603843,-0.049357755337201374,-3.939093750219956,-0.35080773272607874,0.2962962962962963,0.42592592592592593,0.2777777777777778,0.0,-1,55,0,False,2.5,10,0.0
252,0.4801587301587302,0.8265442310061127,-0.06507751487446466,-6.746822898889938,-0.8789030665559651,0.2619047619047619,0.18253968253968253,0.15079365079365079,0.40476190476190477,-1,55,0,False,2.5,10,0.75
239,0.4435146443514644,0.8823770493502548,-0.04882417414407444,-4.851660260647269,-0.5434689000878525,0.28451882845188287,0.21338912133891214,0.17573221757322174,0.3263598326359833,-1,55,0,False,2.5,10,1.0
216,0.42592592592592593,0.9420693152257018,-0.028934108687413626,-2.569400324252937,-0.22160361518025273,0.375,0.6064814814814815,0.018518518518518517,0.0,-1,55,0,False,2.5,20,0.0
252,0.5079365079365079,0.8490973306492483,-0.05671399855013952,-5.931466476603196,-0.7539048542469421,0.3134920634920635,0.2698412698412698,0.0,0.4166666666666667,-1,55,0,False,2.5,20,0.75
239,0.47280334728033474,0.9006266740368576,-0.040847918734357946,-4.1814112862999435,-0.4566531508075385,0.3514644351464435,0.30962343096234307,0.0041841004184100415,0.33472803347280333,-1,55,0,False,2.5,20,1.0
119,0.3865546218487395,1.066525153027488,0.05297035018346575,2.3398085826745088,0.17875487692740544,0.47058823529411764,0.3865546218487395,0.14285714285714285,0.0,-1,55,0,True,1.5,10,0.0
155,0.5935483870967742,1.0460485115732945,0.01778833726254935,1.1697369248695242,0.15688674098741542,0.3741935483870968,0.05161290322580645,0.0064516129032258064,0.567741935483871,-1,55,0,True,1.5,10,0.75
146,0.5205479452054794,1.046230047907294,0.02901260786553763,1.3148373242977818,0.15994192269235902,0.3904109589041096,0.10273972602739725,0.0410958904109589,0.4657534246575342,-1,55,0,True,1.5,10,1.0
119,0.3865546218487395,1.0397475444864208,0.037868362846034787,1.4494960727480415,0.10961109431756146,0.5378151260504201,0.453781512605042,0.008403361344537815,0.0,-1,55,0,True,1.5,20,0.0
155,0.5935483870967742,1.043109947087337,0.017039726197667755,1.0981757040162106,0.14673099917803517,0.38064516129032255,0.05161290322580645,0.0,0.567741935483871,-1,55,0,True,1.5,20,0.75
146,0.5273972602739726,1.0468332171701462,0.030301917040233807,1.3414991162988006,0.1625104401715388,0.4246575342465753,0.1095890410958904,0.0,0.4657534246575342,-1,55,0,True,1.5,20,1.0
114,0.43859649122807015,0.9853083700572569,-0.008596836559909053,-0.6228810919648763,-0.04168173489824418,0.2982456140350877,0.45614035087719296,0.24561403508771928,0.0,-1,55,0,True,2.5,10,0.0
133,0.5263157894736842,0.9881481571469954,-0.009138217955947433,-0.42962721652433744,-0.039613366371255836,0.24060150375939848,0.18796992481203006,0.15037593984962405,0.42105263157894735,-1,55,0,True,2.5,10,0.75
127,0.47244094488188976,0.9874740849620878,-0.01258174075813511,-0.5020600087904634,-0.0410191462620089,0.2677165354330709,0.2204724409448819,0.1732283464566929,0.33858267716535434,-1,55,0,True,2.5,10,1.0
114,0.47368421052631576,1.0282019156126685,0.003917753404426397,1.1929830686307006,0.07852434700436321,0.37719298245614036,0.6052631578947368,0.017543859649122806,0.0,-1,55,0,True,2.5,20,0.0
133,0.5714285714285714,1.0573738501625842,0.012115039381241236,2.0375272744523234,0.18527451123069674,0.3007518796992481,0.2631578947368421,0.0,0.43609022556390975,-1,55,0,True,2.5,20,0.75
127,0.5118110236220472,1.0230149770830668,-0.004718552084809087,0.9197153931115125,0.0739675222163508,0.3464566929133858,0.2992125984251969,0.007874015748031496,0.3464566929133858,-1,55,0,True,2.5,20,1.0
189,0.31746031746031744,0.9575254127278376,-0.041547542888274315,-1.5666485371650187,-0.14703148652280773,0.5291005291005291,0.31746031746031744,0.15343915343915343,0.0,-1,55,20,False,1.5,10,0.0
238,0.5504201680672269,0.8984043276477502,-0.04937671926445097,-2.8031050746333226,-0.48931962070440316,0.42016806722689076,0.03361344537815126,0.008403361344537815,0.5378151260504201,-1,55,20,False,1.5,10,0.75
229,0.4672489082969432,0.9022509404915742,-0.0647193008711038,-3.012803336423995,-0.47752753963134165,0.4585152838427948,0.06986899563318777,0.03056768558951965,0.4410480349344978,-1,55,20,False,1.5,10,1.0
189,0.3386243386243386,0.9945193479981689,0.0022255503688959556,-0.20803973615250135,-0.019120406988063766,0.582010582010582,0.4126984126984127,0.005291005291005291,0.0,-1,55,20,False,1.5,20,0.0
238,0.5504201680672269,0.9000033555744811,-0.04849017486745573,-2.754084760627632,-0.48110722061818806,0.42436974789915966,0.037815126050420166,0.0,0.5378151260504201,-1,55,20,False,1.5,20,0.75
229,0.47161572052401746,0.9061183901352643,-0.06246920732941315,-2.896421477918464,-0.45842285009464756,0.48034934497816595,0.07860262008733625,0.0,0.4410480349344978,-1,55,20,False,1.5,20,1.0
181,0.3812154696132597,0.9248241990108794,-0.02885168214370291,-3.2822579974060337,-0.26418066006786556,0.287292817679558,0.4419889502762431,0.27071823204419887,0.0,-1,55,20,False,2.5,10,0.0
209,0.4688995215311005,0.8258821318099892,-0.06494836711395811,-6.7520750657537905,-0.786202472574284,0.24880382775119617,0.18660287081339713,0.16267942583732056,0.4019138755980861,-1,55,20,False,2.5,10,0.75
198,0.4292929292929293,0.8656497867417923,-0.05765440974335625,-5.536478323065181,-0.5602562780499949,0.2676767676767677,0.23232323232323232,0.1919191919191919,0.30808080808080807,-1,55,20,False,2.5,10,1.0
181,0.425414364640884,0.9704317677021522,0.004302129144959882,-1.3328250446892635,-0.10374278851129103,0.35359116022099446,0.6353591160220995,0.011049723756906077,0.0,-1,55,20,False,2.5,20,0.0
209,0.5023923444976076,0.8639304887922317,-0.04705651178757051,-5.2882378878192196,-0.5984165286039612,0.291866028708134,0.291866028708134,0.0,0.41626794258373206,-1,55,20,False,2.5,20,0.75
198,0.4595959595959596,0.8838137295290716,-0.046719444416531995,-4.898420609223342,-0.48131891132686555,0.3282828282828283,0.3484848484848485,0.005050505050505051,0.3181818181818182,-1,55,20,False,2.5,20,1.0
108,0.3611111111111111,1.0741235070080817,0.04513354223369209,2.6237044263046068,0.18815316309573535,0.4722222222222222,0.3888888888888889,0.1388888888888889,0.0,-1,55,20,True,1.5,10,0.0
140,0.6071428571428571,1.1374669962419148,0.045414687273547485,3.329652087177791,0.4206539085739334,0.36428571428571427,0.05,0.0,0.5857142857142857,-1,55,20,True,1.5,10,0.75
132,0.5151515151515151,1.0663364437701768,0.026867270657989686,1.858462662829032,0.21285334657083968,0.38636363636363635,0.11363636363636363,0.03787878787878788,0.4621212121212121,-1,55,20,True,1.5,10,1.0
108,0.37962962962962965,1.0647032121175197,0.04428588188796471,2.378925081450634,0.16863394639008042,0.5462962962962963,0.4444444444444444,0.009259259259259259,0.0,-1,55,20,True,1.5,20,0.0
140,0.6071428571428571,1.1374669962419148,0.045414687273547485,3.329652087177791,0.4206539085739334,0.36428571428571427,0.05,0.0,0.5857142857142857,-1,55,20,True,1.5,20,0.75
132,0.5227272727272727,1.0700372198307362,0.029172375616794907,1.9719824421048833,0.22505240054755749,0.4166666666666667,0.12121212121212122,0.0,0.4621212121212121,-1,55,20,True,1.5,20,1.0
103,0.4077669902912621,0.9839240966511075,-0.009102185914336626,-0.6886005279268772,-0.0430458458945389,0.2912621359223301,0.4563106796116505,0.2524271844660194,0.0,-1,55,20,True,2.5,10,0.0
119,0.5126050420168067,0.979335994552677,-0.013549093928737021,-0.7480779412550299,-0.06388662840349871,0.23529411764705882,0.19327731092436976,0.15126050420168066,0.42016806722689076,-1,55,20,True,2.5,10,0.75
114,0.45614035087719296,0.9871148076195302,-0.015124219403123907,-0.5095820637162979,-0.03891967561639271,0.2543859649122807,0.22807017543859648,0.18421052631578946,0.3333333333333333,-1,55,20,True,2.5,10,1.0
103,0.4563106796116505,1.0179922547507936,0.004855308855895451,0.7878616639364243,0.0481172967362598,0.36893203883495146,0.6116504854368932,0.019417475728155338,0.0,-1,55,20,True,2.5,20,0.0
119,0.5546218487394958,1.0430532958556138,0.0074462008564667665,1.5366342031662326,0.12856023195376615,0.2857142857142857,0.2773109243697479,0.0,0.4369747899159664,-1,55,20,True,2.5,20,0.75
114,0.49122807017543857,0.9990537040021054,-0.014447816007499904,-0.03819219856373928,-0.0028514877162547744,0.32456140350877194,0.32456140350877194,0.008771929824561403,0.34210526315789475,-1,55,20,True,2.5,20,1.0
140,0.35,1.0538766390528334,-0.002685168972545414,1.8690582835780902,0.15307415591811763,0.4857142857142857,0.37142857142857144,0.14285714285714285,0.0,-1,55,25,False,1.5,10,0.0
175,0.56,0.9556671541039492,-0.03891239972348984,-1.1820592953587552,-0.17073829691676104,0.4057142857142857,0.05142857142857143,0.011428571428571429,0.5314285714285715,-1,55,25,False,1.5,10,0.75
167,0.47305389221556887,0.9509317199266603,-0.057965675632902273,-1.4622957670761547,-0.1925072184462751,0.437125748502994,0.10179640718562874,0.03592814371257485,0.4251497005988024,-1,55,25,False,1.5,10,1.0
140,0.35714285714285715,1.0844531684674852,0.02975844354415707,3.0243805970537894,0.24237634503387281,0.5571428571428572,0.44285714285714284,0.0,0.0,-1,55,25,False,1.5,20,0.0
175,0.56,0.9580626490286779,-0.037706699343576316,-1.1153916683110163,-0.16110669072036518,0.4114285714285714,0.05714285714285714,0.0,0.5314285714285715,-1,55,25,False,1.5,20,0.75
167,0.47904191616766467,0.9577548968602081,-0.054012940440769465,-1.2588436600026032,-0.16531777548069737,0.46107784431137727,0.11377245508982035,0.0,0.4251497005988024,-1,55,25,False,1.5,20,1.0
134,0.41044776119402987,1.039476240546333,0.01174554990251492,1.5940157962234691,0.11224026420137181,0.23880597014925373,0.4925373134328358,0.26865671641791045,0.0,-1,55,25,False,2.5,10,0.0
154,0.4805194805194805,0.8904974127746872,-0.055655762949888325,-4.019818512407923,-0.40133055420604924,0.2077922077922078,0.24025974025974026,0.18181818181818182,0.37012987012987014,-1,55,25,False,2.5,10,0.75
147,0.4557823129251701,0.9747153784082476,-0.024115043330610188,-0.9510646686089445,-0.08362236975440303,0.21768707482993196,0.2789115646258503,0.2108843537414966,0.2925170068027211,-1,55,25,False,2.5,10,1.0
134,0.43283582089552236,1.0426528963857866,0.022051453305163962,1.822923746319108,0.12347647516757118,0.3208955223880597,0.664179104477612,0.014925373134328358,0.0,-1,55,25,False,2.5,20,0.0
154,0.5,0.8966978006384809,-0.05266615178150661,-3.8748310491431504,-0.37417403865033505,0.2727272727272727,0.35064935064935066,0.0,0.37662337662337664,-1,55,25,False,2.5,20,0.75
147,0.46938775510204084,0.9365537758944962,-0.03691448898885895,-2.5281145644401315,-0.2141416277338798,0.2925170068027211,0.4013605442176871,0.013605442176870748,0.2925170068027211,-1,55,25,False,2.5,20,1.0
92,0.391304347826087,1.2958412804509447,0.117035956703448,9.376030728564308,0.6102462108484032,0.44565217391304346,0.43478260869565216,0.11956521739130435,0.0,-1,55,25,True,1.5,10,0.0
119,0.6134453781512605,1.2134095584952989,0.050416998296461964,4.948207340074798,0.5707931917658561,0.36134453781512604,0.058823529411764705,0.0,0.5798319327731093,-1,55,25,True,1.5,10,0.75
112,0.5089285714285714,1.1120263098930638,0.01595141697528511,3.023964979323242,0.3221911239792888,0.38392857142857145,0.14285714285714285,0.03571428571428571,0.4375,-1,55,25,True,1.5,10,1.0
92,0.40217391304347827,1.2969954204538103,0.12092862480128837,9.749032801482882,0.6258366700294463,0.5217391304347826,0.4782608695652174,0.0,0.0,-1,55,25,True,1.5,20,0.0
119,0.6134453781512605,1.2134095584952989,0.050416998296461964,4.948207340074798,0.5707931917658561,0.36134453781512604,0.058823529411764705,0.0,0.5798319327731093,-1,55,25,True,1.5,20,0.75
112,0.5178571428571429,1.1189641471892564,0.01996132064136824,3.2231584360011785,0.3422144544384392,0.4107142857142857,0.15178571428571427,0.0,0.4375,-1,55,25,True,1.5,20,1.0
88,0.4318181818181818,1.2163048436898662,0.05668372627389809,8.061584574204439,0.466599369993271,0.23863636363636365,0.5227272727272727,0.23863636363636365,0.0,-1,55,25,True,2.5,10,0.0
101,0.5148514851485149,1.1362705568053215,0.005545484851184783,4.395134558553089,0.356584251509606,0.19801980198019803,0.24752475247524752,0.1485148514851485,0.40594059405940597,-1,55,25,True,2.5,10,0.75
98,0.46938775510204084,1.1991880849906182,0.029943736169825503,6.801283696337506,0.4915644586294169,0.20408163265306123,0.2857142857142857,0.1836734693877551,0.32653061224489793,-1,55,25,True,2.5,10,1.0
88,0.45454545454545453,1.1819340852924292,0.04433317094043825,7.23414434468439,0.4051498574697277,0.32954545454545453,0.6477272727272727,0.022727272727272728,0.0,-1,55,25,True,2.5,20,0.0
101,0.5445544554455446,1.168990609234878,0.013766659247599481,5.478607529615868,0.4333433822624078,0.25742574257425743,0.32673267326732675,0.0,0.4158415841584158,-1,55,25,True,2.5,20,0.75
98,0.4897959183673469,1.1328534759081486,0.006806130127621671,4.851643490237872,0.33858223769253315,0.2857142857142857,0.3673469387755102,0.02040816326530612,0.32653061224489793,-1,55,25,True,2.5,20,1.0
