market,block,cell,sessions,index_move_in_ranges,n,pts,R,pf,win,sharpe,dd,sumR,stop_share,ctrl_mean,p
US100,research,EA default,1263,120.93103448275998,167,30.183832335329342,0.24487944104117673,1.670964520307872,0.6227544910179641,1.138282504221221,5.934656133332666,40.89486665387651,0.3413173652694611,0.13022922200919407,0.031
US100,research,consensus,1263,120.93103448275998,110,57.3672727272727,0.31336222946771536,1.803574529264077,0.5909090909090909,1.1430852293344034,3.670718567478488,34.46984524144869,0.36363636363636365,0.21731751997342008,0.137
US100,research,plateau,1263,120.93103448275998,101,78.9856435643565,0.319904939261977,2.3080366189892314,0.6732673267326733,1.472108494205388,4.049593182661301,32.310398865459675,0.21782178217821782,0.17925959585257853,0.028
US100,validation,EA default,498,1.5489456159822548,96,63.687500000000135,0.2865614947085531,1.8655052535993912,0.6145833333333334,1.779135893210136,4.254880234014512,27.509903492021095,0.3125,0.07609093225715387,0.001
US100,validation,consensus,498,1.5489456159822548,67,50.562686567164214,0.19549257769564904,1.4401635717635373,0.5223880597014925,0.9019610688878921,7.301664682222187,13.098002705608486,0.417910447761194,0.0828347954409758,0.156
US100,validation,plateau,498,1.5489456159822548,61,90.1459016393444,0.2225640827645964,1.8034373115911277,0.639344262295082,1.3579727807695354,2.7888861167491257,13.57640904864038,0.2459016393442623,0.07323317756208161,0.044
US100,test,EA default,433,34.799059427105384,56,38.980357142856974,0.11476541611353322,1.2696255341259992,0.5892857142857143,0.5528164638918939,5.202545522920487,6.4268633023578605,0.4107142857142857,0.11945127386874946,0.51
US100,test,consensus,433,34.799059427105384,41,17.19999999999993,0.04835383520242146,1.0907687647854838,0.4878048780487805,0.179087405517595,4.982295974931972,1.9825072432992799,0.5121951219512195,0.068751264217249,0.555
US100,test,plateau,433,34.799059427105384,39,32.57564102564076,0.08508393297111819,1.2390125031740018,0.6410256410256411,0.4230235943937575,3.4898283359908344,3.318273385873609,0.3333333333333333,0.058677474915723296,0.413
US30,research,EA default,1266,86.42654028436019,174,37.86206896551724,0.04929991828277304,1.0958555850127996,0.4942528735632184,0.22550077617319927,12.391422642098643,8.578185781202508,0.47126436781609193,0.09493682951714535,0.756
US30,research,consensus,1266,86.42654028436019,129,125.5891472868217,0.32164660268410916,1.6205869610888954,0.5038759689922481,0.9283313579632192,7.316997611526276,41.492411746250085,0.49612403100775193,0.20687609798069184,0.136
US30,research,plateau,1266,86.42654028436019,118,134.4406779661017,0.21816734617104924,1.558437923706809,0.5847457627118644,0.8391579018635671,6.740278995295261,25.74374684818381,0.3728813559322034,0.16070367433077584,0.239
US30,validation,EA default,480,3.036734693877551,78,72.5,0.17926791316303448,1.4307331390549247,0.5512820512820513,0.9780056614056227,7.9232567929713635,13.98289722671669,0.3717948717948718,0.015483473718031809,0.034
US30,validation,consensus,480,3.036734693877551,60,43.71666666666667,0.13497383280616154,1.2995489665416513,0.5,0.6345201105536332,7.204895722124181,8.098429968369693,0.43333333333333335,0.006211912028615731,0.119
US30,validation,plateau,480,3.036734693877551,56,73.61607142857143,0.14192769421284188,1.4405247169421738,0.6071428571428571,0.8553057142124982,5.178282661668002,7.947950875919145,0.30357142857142855,0.05421395997399434,0.177
US30,test,EA default,379,17.885372340425537,46,-7.730434782609138,0.04232372676197773,1.0966279057322674,0.5434782608695652,0.22783536840089247,5.788713617379552,1.9468914310509755,0.41304347826086957,0.04963349030411249,0.517
US30,test,consensus,379,17.885372340425537,39,8.646153846153771,0.14401688971137205,1.3039599471433232,0.5384615384615384,0.5706444182335784,8.359146312572445,5.61665869874351,0.46153846153846156,0.02835531953644426,0.204
US30,test,plateau,379,17.885372340425537,35,180.7257142857139,0.22857925362730194,1.8448165029979973,0.6571428571428571,1.1886443596340739,4.422195850799737,8.000273876955568,0.22857142857142856,0.049409780199177675,0.067
NQ,research,EA default,477,42.70566037735849,79,49.697721518987336,0.21605175348790892,1.5924726627123962,0.620253164556962,1.2618343205894098,7.245552390989685,17.068088525544805,0.35443037974683544,0.144165126053192,0.19
NQ,research,consensus,477,42.70566037735849,56,82.65499999999997,0.2212175435341822,1.4833864431339343,0.5357142857142857,0.8878476177929661,5.065675475514605,12.388182437914203,0.44642857142857145,0.15906471829680088,0.308
NQ,research,plateau,477,42.70566037735849,54,102.41657407407403,0.22183034453611905,1.703658151405129,0.6481481481481481,1.1899807802173898,4.344031406141923,11.978838604950429,0.2962962962962963,0.14434874511801565,0.197
NQ,locked,EA default,258,14.618711800658204,35,57.479999999999976,0.06960967996943321,1.1510437745607718,0.5428571428571428,0.36278702062924617,5.5294951364549725,2.436338798930162,0.45714285714285713,0.05562524910851042,0.463
NQ,locked,consensus,258,14.618711800658204,23,23.008260869565195,0.024297002547881707,1.04262670467634,0.43478260869565216,0.080544638390654,5.929900592990959,0.5588310586012792,0.5652173913043478,-0.02870524602505316,0.376
NQ,locked,plateau,258,14.618711800658204,22,43.870909090909066,0.08668209276283384,1.2335837924606343,0.5909090909090909,0.3880842774019083,2.869293305995979,1.9070060407823446,0.36363636363636365,-0.041763839900750506,0.163
US30_ISO,iso_pre2026,EA default,352,17.928500000000003,47,25.182978723404535,0.07625105142895264,1.193394074391072,0.574468085106383,0.4620167957087453,5.745167991202772,3.583799417160774,0.3829787234042553,-0.003567679200033445,0.217
US30_ISO,iso_pre2026,consensus,352,17.928500000000003,33,116.96363636363645,0.26386758587149517,1.5729189694120222,0.5454545454545454,0.8974388487774149,6.934120378453738,8.70763033375934,0.45454545454545453,0.07488865699607461,0.132
US30_ISO,iso_pre2026,plateau,352,17.928500000000003,32,311.9750000000006,0.32488867411153455,2.28741819295541,0.75,1.5345776458841254,4.0448005068676025,10.396437571569106,0.25,0.1285121432470653,0.06
US30_ISO,iso_2026,EA default,168,10.812275132275138,27,132.52962962962974,0.14221908339278577,1.369008802101757,0.5555555555555556,0.8645931098542744,4.136514801200036,3.839915251605216,0.37037037037037035,-0.14763373720287545,0.035
US30_ISO,iso_2026,consensus,168,10.812275132275138,17,260.0705882352944,0.36433185641125093,1.873985455497966,0.5882352941176471,1.3479624308331366,3.027080507028055,6.193641558991266,0.4117647058823529,-0.11831631720984208,0.049
US30_ISO,iso_2026,plateau,168,10.812275132275138,15,185.96999999999971,0.10970610694384098,1.2704478085100106,0.6,0.5057434779455665,2.946091449706378,1.6455916041576146,0.4,-0.10121718450125582,0.167
