name,market,block,c_tf,c_ema,c_win,c_vwap,c_anchor,c_weight,c_atrg,c_stop,c_trail,c_tp,n,pct,tot,pf,win_rate,dd,filter_p,entry_p,keep
F1 marginal consensus,US100,research,60,13/34/89,30,0<dist<=2.0,session,vol,atr>=mean,3.0,2.5,0.0,262,0.10861576495983805,28.457330419477568,1.446418609885426,0.4312977099236641,5.759029962462172,0.339,0.1,0.19433470622846097
F1 marginal consensus,US100,validation,60,13/34/89,30,0<dist<=2.0,session,vol,atr>=mean,3.0,2.5,0.0,107,0.27848121080665533,29.79748955631212,1.7468590707826395,0.4392523364485981,8.8208664150012,0.061,0.0,0.19433470622846097
F1 marginal consensus,US100,test,60,13/34/89,30,0<dist<=2.0,session,vol,atr>=mean,3.0,2.5,0.0,100,-0.0973192151074119,-9.73192151074119,0.7170267791700692,0.3,12.60599529523542,1.0,0.9975,0.19433470622846097
F1 marginal consensus,US30,research,60,13/34/89,30,0<dist<=2.0,session,vol,atr>=mean,3.0,2.5,0.0,243,0.05113014646651887,12.424625591364086,1.2155354868788635,0.3662551440329218,7.690544895953611,0.981,0.71,0.1958481289265228
F1 marginal consensus,US30,validation,60,13/34/89,30,0<dist<=2.0,session,vol,atr>=mean,3.0,2.5,0.0,111,0.03824656769406171,4.24536901404085,1.1454176713658415,0.43243243243243246,8.735530387014153,0.682,0.1825,0.1958481289265228
F1 marginal consensus,US30,test,60,13/34/89,30,0<dist<=2.0,session,vol,atr>=mean,3.0,2.5,0.0,76,0.2622139071502836,19.92825694342155,3.0325305905688054,0.5921052631578947,1.550126621107628,0.0,0.0,0.1958481289265228
F1 marginal consensus,NQ,research,60,13/34/89,30,0<dist<=2.0,session,vol,atr>=mean,3.0,2.5,0.0,113,0.1628987072308478,18.4075539170858,1.6507410161584974,0.3893805309734513,4.650206903331494,0.292,0.0525,0.19859578736208625
F1 marginal consensus,NQ,locked,60,13/34/89,30,0<dist<=2.0,session,vol,atr>=mean,3.0,2.5,0.0,53,0.03397452786540698,1.80064997686657,1.1244681192238457,0.37735849056603776,5.283533877189689,0.1,0.3775,0.19859578736208625
F2 top research Sharpe,US100,research,30,13/34/89,30,above and rising,roll,flat,off,1.5,2.5,0.0,899,0.1024624133015451,92.11370955808904,1.6425510425550265,0.39933259176863184,6.501849866909907,0.0,0.0,0.7058329836340747
F2 top research Sharpe,US100,validation,30,13/34/89,30,above and rising,roll,flat,off,1.5,2.5,0.0,324,0.06798128388886512,22.0259359799923,1.2670282228897527,0.32407407407407407,10.305290381031687,0.005,0.0325,0.7058329836340747
F2 top research Sharpe,US100,test,30,13/34/89,30,above and rising,roll,flat,off,1.5,2.5,0.0,325,0.02137318919180368,6.946286487336196,1.106990047205225,0.3323076923076923,11.84061433585381,0.46,0.6,0.7058329836340747
F2 top research Sharpe,US30,research,30,13/34/89,30,above and rising,roll,flat,off,1.5,2.5,0.0,861,0.05938882291989654,51.13377653403092,1.4128913891672223,0.3554006968641115,9.70860753107098,0.06,0.0325,0.6832283756251157
F2 top research Sharpe,US30,validation,30,13/34/89,30,above and rising,roll,flat,off,1.5,2.5,0.0,320,0.020744847005039015,6.638351041612485,1.124341220460069,0.334375,5.351022944059886,0.551,0.43,0.6832283756251157
F2 top research Sharpe,US30,test,30,13/34/89,30,above and rising,roll,flat,off,1.5,2.5,0.0,285,-0.005481369830549532,-1.5621904017066166,0.9620977722515407,0.3192982456140351,11.45059558407961,0.044,0.8975,0.6832283756251157
F2 top research Sharpe,NQ,research,30,13/34/89,30,above and rising,roll,flat,off,1.5,2.5,0.0,352,0.03688037687253895,12.98189265913371,1.23231269785542,0.3352272727272727,5.587557458218118,0.723,0.4825,0.7029226785053644
F2 top research Sharpe,NQ,locked,30,13/34/89,30,above and rising,roll,flat,off,1.5,2.5,0.0,185,0.05121920167449253,9.475552309781119,1.2700100594888082,0.35135135135135137,9.826982846064734,0.032,0.1425,0.7029226785053644
F3 top research total,US100,research,30,10/30/60,3,0<dist<=2.0,session,vol,off,2.5,0.0,0.0,230,0.5694091522446117,130.9641050162607,2.2755909230613125,0.2391304347826087,12.59142434135591,0.0,0.0,0.6354759967453214
F3 top research total,US100,validation,30,10/30/60,3,0<dist<=2.0,session,vol,off,2.5,0.0,0.0,100,0.08174202524220135,8.174202524220135,1.1226522844126974,0.15,17.393580556378843,0.389,0.1225,0.6354759967453214
F3 top research total,US100,test,30,10/30/60,3,0<dist<=2.0,session,vol,off,2.5,0.0,0.0,86,0.21937895481585343,18.866590114163394,1.3665719660755193,0.19767441860465115,20.02123060944037,0.162,0.3825,0.6354759967453214
F3 top research total,US30,research,30,10/30/60,3,0<dist<=2.0,session,vol,off,2.5,0.0,0.0,242,0.2573735997551462,62.28441114074537,1.6664566828022889,0.2231404958677686,8.840520230084056,0.664,0.25,0.6317198304706669
F3 top research total,US30,validation,30,10/30/60,3,0<dist<=2.0,session,vol,off,2.5,0.0,0.0,96,0.08594186743665784,8.250419273919153,1.1856134201824686,0.14583333333333334,10.950353082610354,0.165,0.0475,0.6317198304706669
F3 top research total,US30,test,30,10/30/60,3,0<dist<=2.0,session,vol,off,2.5,0.0,0.0,75,0.10136290274973722,7.602217706230292,1.2744507864601922,0.16,9.949502251779577,0.015,0.765,0.6317198304706669
F3 top research total,NQ,research,30,10/30/60,3,0<dist<=2.0,session,vol,off,2.5,0.0,0.0,98,0.26967823863499585,26.428467386229595,1.6674708483115073,0.19387755102040816,5.532342523388056,0.802,0.5275,0.6528189910979229
F3 top research total,NQ,locked,30,10/30/60,3,0<dist<=2.0,session,vol,off,2.5,0.0,0.0,54,-0.014186997670098699,-0.7660978741853297,0.9780293869011606,0.16666666666666666,19.29837984919584,0.032,0.82,0.6528189910979229
F4 the same trigger with NO VWAP,US100,research,60,9/21/50,10,off,-,-,off,3.0,2.5,4.0,534,0.15037662238843935,80.30111635542661,1.6700798384579356,0.4400749063670412,4.299827523432704,,0.0,1.0
F4 the same trigger with NO VWAP,US100,validation,60,9/21/50,10,off,-,-,off,3.0,2.5,4.0,192,-0.02870597775891402,-5.511547729711491,0.9344599685900556,0.375,14.638180627085223,,0.2425,1.0
F4 the same trigger with NO VWAP,US100,test,60,9/21/50,10,off,-,-,off,3.0,2.5,4.0,182,0.04097295124091946,7.457077125847341,1.138929283450245,0.4065934065934066,10.832126714391794,,0.5125,1.0
F4 the same trigger with NO VWAP,US30,research,60,9/21/50,10,off,-,-,off,3.0,2.5,4.0,501,0.058103404507598565,29.109805658306882,1.2670739867448195,0.4171656686626746,8.694394092472116,,0.1125,1.0
F4 the same trigger with NO VWAP,US30,validation,60,9/21/50,10,off,-,-,off,3.0,2.5,4.0,199,-0.017145393433986713,-3.4119332933633557,0.9425966772496884,0.37185929648241206,11.130699871453656,,0.61,1.0
F4 the same trigger with NO VWAP,US30,test,60,9/21/50,10,off,-,-,off,3.0,2.5,4.0,148,-0.021489648620869595,-3.1804679958887,0.9092277938107957,0.3918918918918919,11.174372378370217,,0.975,1.0
F4 the same trigger with NO VWAP,NQ,research,60,9/21/50,10,off,-,-,off,3.0,2.5,4.0,205,0.02838452786888789,5.818828213122017,1.1155269319327863,0.3804878048780488,5.8745324145983,,0.8,1.0
F4 the same trigger with NO VWAP,NQ,locked,60,9/21/50,10,off,-,-,off,3.0,2.5,4.0,105,-0.04020879211215761,-4.221923171776549,0.8781024358180379,0.41904761904761906,12.536134227256637,,0.6675,1.0
